YrPlayer,Year,Rank,Player,Team,AVG,G,PA,AB,R,H,1B,2B,3B,HR,TB,RBI,SAC,SF,BB,IBB,SB,CS,HBP,SO,GDP,SLG,OBP,OPS,MH,RISP,PH-BA,ISO,SECA,TA,RC,RC/27,wOBA,XR
2002장성호,2002,1,장성호,KIA ,0.343,133,586,481,82,165,117,29,0,19,251,95,2,8,86,14,7,3,9,53,15,0.522,0.445,0.967,48,0.365,0,0.178794179,0.365904366,1.047904192,116.0030717,9.104892253,0.412689474,106.706
2002마해영,2002,2,마해영,삼성 ,0.323,133,596,532,92,172,97,40,2,33,315,116,0,6,46,5,2,0,12,74,14,0.592,0.386,0.978,53,0.313,0,0.268796992,0.359022556,1.002673797,120.6628188,8.573410809,0.413067682,110.578
2002이승엽,2002,3,이승엽,삼성 ,0.323,133,617,511,123,165,74,42,2,47,352,126,0,2,89,5,1,2,15,109,11,0.689,0.436,1.125,47,0.331,0,0.365949119,0.53816047,1.267409471,157.3756888,11.77048088,0.468947712,136.108
2002심정수,2002,4,심정수,현대 ,0.321,133,577,502,101,161,92,22,1,46,323,119,0,3,69,10,2,1,3,114,13,0.643,0.404,1.047,47,0.338,0,0.322709163,0.462151394,1.115492958,129.6996187,9.781814819,0.437703704,117.438
2002김동주,2002,5,김동주,두산 ,0.318,120,487,415,63,132,85,21,0,26,231,79,0,7,52,2,1,1,13,61,8,0.557,0.405,0.962,32,0.283,0.25,0.238554217,0.363855422,1.01369863,97.10373717,8.768564895,0.410270103,90.512
2002이영우,2002,6,이영우,한화 ,0.315,133,564,476,96,150,99,26,1,24,250,52,7,0,73,6,13,12,8,103,14,0.525,0.415,0.94,43,0.321,0.167,0.210084034,0.365546218,0.943181818,101.7367021,7.651506845,0.405183303,94.256
2002김한수,2002,7,김한수,삼성 ,0.311,127,541,486,69,151,110,23,1,17,227,76,2,4,35,2,4,2,14,61,15,0.467,0.371,0.838,44,0.287,0,0.156378601,0.232510288,0.789772727,82.6781146,6.235500263,0.36432216,79.012
2002이진영,2002,8,이진영,SK ,0.308,128,475,419,73,129,86,22,8,13,206,40,6,3,42,3,11,12,5,57,7,0.492,0.375,0.867,36,0.193,0.5,0.183770883,0.281622912,0.815533981,75.30711579,6.394000397,0.372821888,71.934
2002전준호,2002,9,전준호,현대 ,0.3,126,501,420,83,126,100,15,8,3,166,28,14,1,53,1,26,11,13,51,2,0.395,0.394,0.789,32,0.278,0,0.095238095,0.257142857,0.804560261,72.96483034,6.118169004,0.35286214,70.272
2002이병규,2002,10,이병규,LG ,0.293,109,444,389,54,114,77,25,0,12,175,43,1,2,50,12,9,6,2,57,6,0.45,0.375,0.825,30,0.253,0,0.156812339,0.293059126,0.801393728,66.46972973,6.188561044,0.352415313,63.434
2002이종범,2002,11,이종범,KIA ,0.293,123,546,485,93,142,97,25,2,18,225,59,4,1,43,5,35,5,13,63,7,0.464,0.365,0.829,41,0.337,0,0.171134021,0.321649485,0.876056338,88.25120879,6.618840659,0.35949162,84.356
2002송지만,2002,12,송지만,한화 ,0.291,131,557,488,84,142,84,18,2,38,278,104,0,2,58,4,8,3,9,136,14,0.57,0.375,0.945,37,0.295,0,0.278688525,0.407786885,0.964187328,103.2663555,7.63888109,0.401598553,97.992
2002채종범,2002,13,채종범,SK ,0.291,127,557,478,79,139,101,19,2,17,213,68,11,3,47,1,10,9,18,70,17,0.446,0.374,0.82,38,0.377,0,0.154811715,0.255230126,0.764383562,77.3740754,5.512137298,0.359855046,75.86
2002홍성흔,2002,14,홍성흔,두산 ,0.289,127,484,432,51,125,90,17,0,18,196,70,7,3,37,1,5,3,5,63,17,0.454,0.35,0.804,32,0.321,0,0.164351852,0.25462963,0.733944954,65.13557851,5.218577507,0.349703782,64.256
2002이호준,2002,15,이호준,SK ,0.288,129,499,444,76,128,79,24,2,23,225,64,4,2,45,3,5,3,4,75,12,0.507,0.358,0.865,34,0.291,0.286,0.218468468,0.324324324,0.833836858,78.78589178,6.312222784,0.370800813,75.73
2002안경현,2002,16,안경현,두산 ,0.288,130,548,486,50,140,104,24,4,8,196,58,7,6,44,0,5,4,5,65,13,0.403,0.349,0.752,40,0.244,0,0.115226337,0.20781893,0.67768595,68.45474453,4.915633251,0.330783734,67.27
2002박용택,2002,17,박용택,LG ,0.288,112,424,375,68,108,65,28,6,9,175,55,1,4,38,1,20,5,6,109,11,0.467,0.359,0.826,31,0.317,0.5,0.178666667,0.32,0.826855124,63.88792453,5.989492925,0.356954976,61.278
2002강동우,2002,18,강동우,삼성 ,0.288,130,521,466,75,134,99,23,3,9,190,49,7,1,46,0,11,6,1,76,9,0.408,0.352,0.76,36,0.33,0,0.120171674,0.229613734,0.69740634,67.57888676,5.139802655,0.335089494,65.012
2002데이비스,2002,19,데이비스,한화 ,0.287,115,456,404,56,116,71,23,1,21,204,72,0,2,46,5,14,9,4,97,6,0.505,0.364,0.869,29,0.265,0.2,0.217821782,0.344059406,0.854785479,74.1820614,6.566936583,0.371851441,71.354
2002김종국,2002,20,김종국,KIA ,0.287,133,595,527,95,151,114,26,3,8,207,53,3,1,61,0,50,9,3,116,5,0.393,0.363,0.756,41,0.298,1,0.10626186,0.299810247,0.8,85.03482353,5.82725948,0.336179054,82.112
2002최기문,2002,21,최기문,롯데 ,0.285,123,415,383,34,109,75,22,4,8,163,50,2,0,27,5,1,4,3,44,9,0.426,0.337,0.763,23,0.292,0,0.140992167,0.203655352,0.662020906,51.93628916,4.852179264,0.328818627,49.408
2002이숭용,2002,22,이숭용,현대 ,0.284,125,480,422,63,120,81,18,2,19,199,76,4,2,40,2,7,2,12,54,11,0.472,0.361,0.833,31,0.287,0,0.187203791,0.293838863,0.812698413,72.46425,6.095123832,0.361687764,70.238
2002김응국,2002,23,김응국,롯데 ,0.284,116,412,373,35,106,85,15,3,3,136,49,2,1,34,2,12,5,2,58,8,0.365,0.346,0.711,24,0.291,0.3,0.080428954,0.190348525,0.639285714,47.79262136,4.559720059,0.314960784,46.356
2002브리또,2002,24,브리또,삼성 ,0.283,128,545,481,89,136,82,29,0,25,240,90,4,4,35,3,1,2,21,84,10,0.499,0.355,0.854,40,0.286,0,0.216216216,0.286902287,0.826330532,85.36293578,6.314518537,0.367407063,82.408
2002진갑용,2002,25,진갑용,삼성 ,0.281,133,517,462,58,130,82,29,1,18,215,86,1,5,41,4,0,0,8,56,13,0.465,0.347,0.812,34,0.358,0,0.183982684,0.272727273,0.765217391,73.79133462,5.676256509,0.349455078,71.892
2002페르난데스,2002,26,페르난데스,SK ,0.281,132,556,499,81,140,71,24,0,45,299,107,0,1,49,2,4,4,7,114,8,0.599,0.353,0.952,42,0.303,0,0.318637275,0.416833667,0.956873315,104.4564029,7.581513112,0.402658845,100.068
2002폴,2002,27,폴,현대 ,0.28,113,441,397,48,111,73,18,2,18,187,64,1,2,35,1,3,2,6,115,11,0.471,0.345,0.816,26,0.257,0.25,0.191435768,0.282115869,0.765886288,63.20244898,5.650550074,0.353562642,61.26
2002마르티네스,2002,28,마르티네스,LG ,0.279,109,468,409,59,114,79,19,1,15,180,69,0,6,49,7,22,12,4,70,5,0.44,0.357,0.797,34,0.301,0,0.161369193,0.305623472,0.778846154,66.19230769,5.620101597,0.342932755,66.59
2002박재홍,2002,29,박재홍,현대 ,0.278,112,481,432,57,120,81,24,0,15,189,67,0,4,41,2,12,8,4,94,10,0.438,0.343,0.781,38,0.309,0.667,0.159722222,0.263888889,0.721212121,63.72037422,5.151048215,0.339204593,63.048
2002양준혁,2002,30,양준혁,삼성 ,0.276,132,437,391,60,108,69,23,2,14,177,50,0,1,39,3,2,3,5,56,9,0.453,0.349,0.802,27,0.237,0.214,0.176470588,0.273657289,0.745762712,60.7587156,5.542180139,0.347323326,58.512
2002장원진,2002,31,장원진,두산 ,0.275,130,488,444,55,122,106,12,3,1,143,30,7,3,31,0,2,2,3,65,10,0.322,0.324,0.646,30,0.19,0.375,0.047297297,0.117117117,0.52994012,46.64655738,3.661212352,0.289422037,45.67
2002박한이,2002,32,박한이,삼성 ,0.272,133,586,504,89,137,101,24,2,10,195,47,14,2,60,3,13,12,6,79,15,0.387,0.355,0.742,39,0.242,0,0.115079365,0.236111111,0.664974619,68.0152901,4.47905569,0.328536028,67.018
2002박종호,2002,33,박종호,현대 ,0.266,108,468,402,58,107,83,15,2,7,147,53,29,1,25,0,4,4,11,42,4,0.366,0.326,0.692,28,0.347,1,0.099502488,0.161691542,0.603960396,50.20384615,4.070582121,0.307599089,49.304
2002김민재,2002,34,김민재,SK ,0.258,131,548,488,51,126,90,21,3,12,189,50,19,4,26,0,15,10,11,45,13,0.387,0.308,0.695,35,0.202,0,0.129098361,0.192622951,0.6,55.79051095,3.692019107,0.304990548,57.09
2002홍세완,2002,35,홍세완,KIA ,0.257,111,449,401,43,103,70,21,0,12,160,69,8,4,30,2,7,5,6,68,10,0.399,0.315,0.714,25,0.265,0,0.142144638,0.221945137,0.632587859,49.35697105,4.100425287,0.31128246,49.856
2002우즈,2002,36,우즈,두산 ,0.256,119,469,407,53,104,58,18,3,25,203,82,0,7,50,3,5,2,5,123,11,0.499,0.339,0.838,24,0.32,0,0.243243243,0.373464373,0.825949367,69.34533049,5.796668493,0.356682403,70.036
2002심재학,2002,37,심재학,두산 ,0.245,119,463,383,56,94,60,16,3,15,161,57,0,7,67,4,2,1,6,55,11,0.42,0.361,0.781,17,0.267,0.333,0.174934726,0.352480418,0.780730897,61.47105832,5.388696671,0.341320261,62.81
2002정수근,2002,38,정수근,두산 ,0.235,122,482,426,58,100,86,9,2,3,122,22,8,1,44,2,40,14,3,51,8,0.286,0.31,0.596,25,0.204,0,0.051643192,0.215962441,0.560344828,41.28112033,3.122101538,0.270942797,42.382
2002임수민,2002,39,임수민,한화 ,0.227,127,427,366,55,83,56,16,1,10,131,35,11,2,40,0,3,6,7,78,10,0.358,0.313,0.671,19,0.221,0.25,0.131147541,0.232240437,0.585284281,40.55295775,3.509390574,0.299959036,40.946
2002박진만,2002,40,박진만,현대 ,0.219,126,466,401,47,88,52,24,0,12,148,57,9,4,47,2,2,5,5,85,6,0.369,0.306,0.675,18,0.206,0,0.149625935,0.259351621,0.608024691,46.727897,3.743778098,0.297883516,47.59
2003김동주,2003,1,김동주,두산,0.342,118,504,401,61,137,89,23,2,23,233,89,0,13,79,8,3,2,11,53,15,0.581,0.45,1.031,39,0.387,0.5,0.239401496,0.438902743,1.153024911,109.4333333,10.05,0.433689516,101.116
2003심정수,2003,2,심정수,현대,0.335,133,601,460,110,154,84,16,1,53,331,142,0,8,124,17,6,2,9,63,14,0.72,0.478,1.198,45,0.346,0,0.384782609,0.663043478,1.453416149,166.1351747,13.59287793,0.488818493,144.746
2003안경현,2003,3,안경현,두산,0.333,128,539,475,65,158,117,28,3,10,222,72,6,5,48,2,1,1,5,43,21,0.467,0.396,0.863,45,0.328,0,0.134736842,0.235789474,0.81120944,84.68181818,6.532597403,0.375478343,79.326
2003양준혁,2003,4,양준혁,삼성,0.329,133,551,490,90,161,89,37,2,33,301,92,4,2,49,2,2,5,6,49,13,0.614,0.395,1.009,48,0.354,0,0.285714286,0.379591837,1.017291066,114.6100181,8.766205354,0.427695413,104.108
2003이진영,2003,5,이진영,SK,0.328,128,562,481,81,158,106,29,6,17,250,70,13,2,62,1,10,9,4,76,6,0.52,0.408,0.928,45,0.364,0,0.191268191,0.322245322,0.937869822,104.0909253,7.961628845,0.400985401,95.232
2003박한이,2003,6,박한이,삼성,0.322,133,612,528,113,170,123,34,1,12,242,59,8,5,63,1,17,7,8,55,7,0.458,0.399,0.857,53,0.314,0,0.136363636,0.274621212,0.86827957,102.298366,7.174171123,0.37541791,96.09
2003김태균,2003,7,김태균,한화,0.319,133,573,479,67,153,96,24,2,31,274,95,4,2,79,6,3,2,9,106,13,0.572,0.424,0.996,41,0.343,0,0.252609603,0.419624217,1.064516129,118.3246073,9.206813827,0.424435169,107.182
2003장성호,2003,8,장성호,KIA,0.315,130,571,476,93,150,91,36,2,21,253,105,3,5,84,7,13,4,3,52,7,0.532,0.417,0.949,38,0.348,0,0.216386555,0.411764706,1.035608309,112.6912785,8.819317445,0.405477718,103.374
2003이종범,2003,9,이종범,KIA,0.315,132,595,524,110,165,101,43,1,20,270,61,1,4,59,5,50,10,7,58,8,0.515,0.389,0.904,48,0.337,0,0.200381679,0.389312977,0.99734748,112.571395,7.956616921,0.387870968,104.876
2003김동수,2003,10,김동수,현대,0.308,117,441,367,48,113,81,15,1,16,178,68,15,6,45,5,3,4,8,57,10,0.485,0.39,0.875,29,0.35,0.286,0.177111717,0.297002725,0.858208955,69.95446712,6.535538451,0.37623753,68.014
2003조성환,2003,11,조성환,롯데,0.307,129,543,486,73,149,116,25,2,6,196,38,7,1,37,3,23,11,12,57,5,0.403,0.369,0.772,43,0.279,0,0.096707819,0.197530864,0.728045326,75.10600368,5.617346536,0.340827392,71.744
2003박재홍,2003,12,박재홍,KIA,0.301,108,461,392,71,118,79,15,5,19,200,66,6,2,60,1,14,9,1,84,11,0.51,0.393,0.903,36,0.315,0,0.209183673,0.375,0.904761905,78.30663774,7.000924567,0.3904163,74.728
2003이승엽,2003,13,이승엽,삼성,0.301,131,596,479,115,144,65,23,0,56,335,144,0,6,101,9,7,0,10,89,11,0.699,0.428,1.127,41,0.346,0,0.39874739,0.624217119,1.309248555,150.772349,11.5649245,0.464073254,135.178
2003이영우,2003,14,이영우,한화,0.297,133,590,498,90,148,100,28,4,16,232,71,3,3,78,7,18,9,8,71,7,0.466,0.399,0.865,42,0.311,0,0.168674699,0.343373494,0.893442623,97.92264407,7.107288682,0.375401724,92.902
2003김한수,2003,15,김한수,삼성,0.295,131,532,478,67,141,100,23,1,17,217,70,4,4,29,0,5,2,17,57,20,0.454,0.354,0.808,37,0.294,0,0.158995816,0.225941423,0.740947075,73.10864662,5.378565282,0.352657197,71.434
2003이숭용,2003,16,이숭용,현대,0.294,133,573,511,70,150,107,25,0,18,229,76,7,4,47,0,4,2,4,69,10,0.448,0.355,0.803,46,0.246,0,0.154598826,0.250489237,0.756032172,82.48052356,5.799411813,0.350568905,79.858
2003박종호,2003,17,박종호,현대,0.293,131,597,502,90,147,111,26,4,6,199,61,26,4,47,0,6,4,18,53,6,0.396,0.371,0.767,43,0.255,0,0.103585657,0.201195219,0.728767123,79.38566164,5.426361682,0.341504378,76.846
2003마해영,2003,18,마해영,삼성,0.291,132,573,502,90,146,83,25,0,38,285,123,1,4,56,3,1,1,10,89,22,0.568,0.371,0.939,42,0.344,0.5,0.27689243,0.388446215,0.926121372,100.4371728,7.061988711,0.398671353,96.878
2003장원진,2003,19,장원진,두산,0.29,124,429,386,46,112,83,23,1,5,152,48,4,4,31,1,1,1,4,38,6,0.394,0.346,0.74,30,0.272,0.391,0.103626943,0.183937824,0.665480427,54.01585082,5.046463571,0.324962264,52.426
2003진갑용,2003,20,진갑용,삼성,0.29,126,485,435,64,126,83,20,2,21,213,53,2,2,36,3,1,1,10,34,13,0.49,0.356,0.846,29,0.228,0.6,0.2,0.282758621,0.801857585,73.87884536,6.100088149,0.36445625,71.378
2003이호준,2003,21,이호준,SK,0.29,133,554,473,86,137,80,20,1,36,267,102,2,1,69,4,9,7,9,80,6,0.564,0.389,0.953,35,0.313,0.5,0.274841438,0.424947146,0.994269341,106.6443321,8.180105021,0.406850365,100.17
2003홍세완,2003,22,홍세완,KIA,0.29,129,549,487,75,141,92,26,1,22,235,100,5,9,45,0,7,7,3,54,13,0.483,0.347,0.83,39,0.31,0,0.19301848,0.285420945,0.773224044,79.543898,5.651803279,0.356875,79.928
2003디아즈,2003,23,디아즈,SK,0.285,112,485,439,56,125,77,26,0,22,217,63,0,4,32,1,5,0,10,47,11,0.494,0.344,0.838,37,0.215,0,0.209567198,0.293849658,0.812307692,74.73204124,6.133024661,0.360882231,72.764
2003조경환,2003,24,조경환,SK,0.285,121,441,376,63,107,63,20,1,23,198,68,8,1,45,0,2,6,11,103,10,0.527,0.376,0.903,32,0.314,0.2,0.242021277,0.35106383,0.877192982,72.76,6.682040816,0.389829099,69.496
2003박진만,2003,25,박진만,현대,0.283,129,515,421,68,119,77,26,0,16,193,48,22,4,55,0,6,5,13,66,14,0.458,0.379,0.837,33,0.232,0,0.175771971,0.308788599,0.816199377,74.15487379,5.76997577,0.367279919,72.332
2003조원우,2003,26,조원우,SK,0.281,128,518,452,65,127,101,18,0,8,169,48,13,4,35,1,13,5,14,65,7,0.374,0.349,0.723,39,0.316,0.143,0.092920354,0.188053097,0.670623145,62.39598456,4.759015771,0.321380952,61.93
2003김상훈,2003,27,김상훈,KIA,0.279,125,467,423,43,118,87,23,1,7,164,46,10,1,30,2,3,2,3,69,9,0.388,0.33,0.718,29,0.27,0.333,0.108747045,0.182033097,0.626582278,53.76359743,4.439196118,0.315015385,51.558
2003홍원기,2003,28,홍원기,두산,0.273,124,453,384,43,105,83,13,1,8,144,42,9,3,54,2,0,3,3,65,7,0.375,0.365,0.74,25,0.277,0.667,0.1015625,0.234375,0.685121107,55.20988962,4.952382126,0.3300181,54.91
2003마르티네스,2003,29,마르티네스,LG,0.273,131,552,483,70,132,84,29,2,17,216,70,1,7,53,1,27,14,8,67,3,0.447,0.35,0.797,31,0.242,0,0.173913043,0.310559006,0.788043478,79.64637681,5.719287697,0.346525455,79.864
2003정경배,2003,30,정경배,SK,0.272,119,425,372,55,101,73,16,0,12,153,51,12,3,27,0,9,3,11,56,3,0.411,0.337,0.748,22,0.279,0,0.139784946,0.228494624,0.711191336,54.87736471,5.074276873,0.329150121,54.522
2003전준호,2003,31,전준호,현대,0.269,129,533,442,79,119,94,16,6,3,156,38,20,2,58,0,20,9,10,56,3,0.353,0.365,0.718,35,0.264,0,0.083710407,0.239819005,0.701492537,64.31578947,4.864219372,0.324683594,63.832
2003강동우,2003,32,강동우,삼성,0.266,130,520,443,61,118,86,19,4,9,172,57,15,4,53,0,8,4,5,51,17,0.388,0.349,0.737,32,0.324,0.333,0.121896163,0.250564334,0.676300578,59.94923077,4.434600632,0.3268,59.812
2003이도형,2003,33,이도형,한화,0.266,125,420,365,40,97,62,19,0,16,164,58,10,4,37,3,0,1,4,46,13,0.449,0.337,0.786,23,0.253,0.222,0.183561644,0.282191781,0.723404255,53.48533333,4.87872973,0.339068796,53.652
2003전상렬,2003,34,전상렬,두산,0.262,125,436,386,58,101,81,15,4,1,127,29,4,2,30,0,7,6,14,56,4,0.329,0.336,0.665,27,0.245,0.125,0.067357513,0.147668394,0.583050847,44.9587156,4.032841598,0.300293981,44.522
2003박용택,2003,35,박용택,LG,0.257,133,555,494,68,127,89,21,6,11,193,51,6,5,40,2,42,12,9,83,7,0.391,0.321,0.712,31,0.268,0.25,0.133603239,0.275303644,0.704663212,65.96833935,4.486511744,0.311401099,67.706
2003조인성,2003,36,조인성,LG,0.257,132,456,428,43,110,69,20,2,19,191,58,1,4,15,0,0,1,8,67,17,0.446,0.292,0.738,26,0.257,0,0.189252336,0.221962617,0.633928571,50.33267544,3.985285152,0.317725275,51.914
2003브리또,2003,37,브리또,삼성,0.255,102,433,380,59,97,59,17,1,20,176,58,9,3,31,0,2,2,10,58,8,0.463,0.325,0.788,23,0.25,0,0.207894737,0.289473684,0.740614334,57.33099307,5.075202665,0.341790094,57.816
2003김종국,2003,38,김종국,KIA,0.25,125,539,464,67,116,86,23,1,6,159,46,14,3,53,0,31,11,4,67,3,0.343,0.33,0.673,27,0.238,0,0.092672414,0.25,0.651933702,58.74724907,4.185160224,0.302265267,59.384
2003박경완,2003,38,박경완,SK,0.25,122,428,336,49,84,51,16,2,15,149,60,21,3,59,2,6,6,9,93,8,0.443,0.373,0.816,19,0.265,0,0.193452381,0.369047619,0.815789474,58.60485981,5.456314534,0.358362963,58.366
2003김민재,2003,40,김민재,SK,0.211,129,452,369,43,78,57,16,1,4,108,36,30,5,44,0,14,7,4,42,13,0.293,0.299,0.592,16,0.242,0,0.081300813,0.219512195,0.524115756,34.22955752,2.671092639,0.269234597,35.134
2004브룸바,2004,1,브룸바,현대,0.343,132,594,475,92,163,104,25,1,33,289,105,0,4,114,10,7,8,1,79,10,0.608,0.468,1.076,49,0.363,0,0.265263158,0.503157895,1.221212121,140.9515152,11.39428416,0.454544521,124.528
2004이진영,2004,2,이진영,SK,0.342,117,483,404,74,138,103,19,1,15,204,63,6,2,66,6,8,6,5,49,9,0.505,0.438,0.943,37,0.333,0.25,0.163366337,0.331683168,0.985765125,92.06766046,8.601476928,0.408636943,84.258
2004홍성흔,2004,3,홍성흔,두산,0.329,133,552,501,62,165,122,27,2,14,238,86,3,2,36,2,10,7,10,70,8,0.475,0.384,0.859,44,0.336,0,0.145708583,0.223552894,0.817663818,91.33884058,6.927383977,0.373855576,84.8
2004김태균,2004,4,김태균,한화,0.323,129,556,473,76,153,103,26,1,23,250,106,0,7,70,3,2,1,6,99,11,0.529,0.412,0.941,45,0.329,0,0.205073996,0.355179704,0.984939759,106.8061511,8.506684599,0.403779385,98.918
2004이병규,2004,5,이병규,LG,0.323,129,562,496,95,160,118,26,2,14,232,64,3,1,50,1,8,4,12,72,14,0.468,0.397,0.865,45,0.28,0.333,0.14516129,0.254032258,0.84180791,92.23558719,6.956315235,0.37905914,85.604
2004김기태,2004,6,김기태,SK,0.32,126,465,403,60,129,95,24,0,10,183,67,4,1,57,6,2,4,0,55,10,0.454,0.403,0.857,36,0.362,0.286,0.133995037,0.270471464,0.826388889,73.94150538,6.813722338,0.373558242,68.83
2004이영우,2004,7,이영우,한화,0.319,131,572,483,94,154,107,31,3,13,230,60,6,2,73,5,20,12,8,66,13,0.476,0.415,0.891,40,0.265,0.333,0.157349896,0.32505176,0.901129944,97.04055944,7.237831781,0.388327986,90.542
2004양준혁,2004,8,양준혁,삼성,0.315,133,584,479,95,151,93,30,0,28,265,103,1,2,89,8,5,2,13,53,10,0.553,0.434,0.987,44,0.341,0,0.237995825,0.43006263,1.088235294,121.160274,9.53739766,0.42244,109.776
2004페레즈,2004,9,페레즈,롯데,0.314,125,532,490,60,154,119,17,0,18,225,86,1,3,33,6,7,6,5,66,19,0.459,0.362,0.821,48,0.351,0,0.144897959,0.214285714,0.731301939,75.03699248,5.550681636,0.354049524,72.732
2004박한이,2004,10,박한이,삼성,0.31,132,587,503,81,156,112,26,2,16,234,63,7,3,69,3,13,9,5,57,8,0.465,0.397,0.862,50,0.314,0.333,0.155069583,0.300198807,0.857142857,95.94797274,6.926725305,0.376117851,90.934
2004이범호,2004,11,이범호,한화,0.308,133,541,481,80,148,87,35,3,23,258,74,5,4,48,1,6,3,3,80,8,0.536,0.371,0.907,42,0.287,0,0.228690229,0.334719335,0.906976744,96.88428835,7.41041299,0.388147664,90.42
2004김재현,2004,12,김재현,LG,0.3,120,458,373,56,112,77,18,3,14,178,62,0,7,66,5,1,1,12,58,10,0.477,0.415,0.892,29,0.274,0.6,0.1769437,0.353887399,0.941176471,78.61148472,7.607563037,0.386534216,75.606
2004박용택,2004,13,박용택,LG,0.3,109,435,393,51,118,85,15,2,16,185,58,6,1,32,3,10,4,3,68,4,0.471,0.357,0.828,36,0.294,0.125,0.170483461,0.267175573,0.798586572,67.38666667,6.273931034,0.357544601,64.406
2004장성호,2004,14,장성호,KIA,0.3,130,561,474,78,142,94,29,0,19,228,80,0,4,76,5,11,7,7,61,11,0.481,0.401,0.882,37,0.31,0,0.181434599,0.35021097,0.9,94.48941176,7.206819541,0.382672662,89.792
2004라이온,2004,15,라이온,롯데,0.3,102,438,404,52,121,81,28,0,12,185,55,1,3,25,2,3,1,5,66,5,0.458,0.346,0.804,30,0.23,0,0.158415842,0.225247525,0.750865052,64.85936073,5.976801159,0.347124138,61.482
2004정경배,2004,16,정경배,SK,0.296,105,421,362,51,107,75,23,0,9,157,47,13,3,32,0,2,4,11,63,9,0.434,0.368,0.802,38,0.3,0,0.138121547,0.220994475,0.73880597,57.77429929,5.492627045,0.352419118,55.566
2004박경완,2004,17,박경완,SK,0.295,132,526,410,94,121,67,19,1,34,244,79,6,2,94,3,2,5,14,126,9,0.595,0.44,1.035,33,0.287,0.2,0.3,0.52195122,1.151815182,113.0180608,9.811857372,0.440357834,103.022
2004강동우,2004,18,강동우,삼성,0.295,132,497,438,59,129,103,22,1,3,162,49,7,1,49,4,9,5,2,45,13,0.37,0.367,0.737,28,0.291,0.231,0.075342466,0.196347032,0.663608563,59.66945674,4.809180095,0.327185185,57.37
2004이숭용,2004,19,이숭용,현대,0.293,133,549,468,60,137,99,29,0,9,193,85,4,6,58,6,0,3,13,87,17,0.412,0.382,0.794,38,0.303,0,0.11965812,0.237179487,0.743589744,73.65901639,5.50912311,0.348439703,71.584
2004전준호,2004,20,전준호,현대,0.292,132,581,487,88,142,121,10,7,4,178,48,24,2,63,2,53,7,5,64,4,0.366,0.377,0.743,39,0.314,1,0.073921971,0.297741273,0.820224719,80.91524957,5.719140676,0.332753153,79.638
2004데이비스,2004,21,데이비스,한화,0.291,119,510,440,70,128,82,26,1,19,213,77,2,4,61,4,9,5,3,89,12,0.484,0.378,0.862,37,0.27,1,0.193181818,0.340909091,0.854103343,81.11764706,6.537840211,0.371861111,77.868
2004마틴,2004,22,마틴,LG,0.291,107,420,358,45,104,75,16,4,9,155,52,0,5,51,3,7,0,6,57,7,0.433,0.383,0.816,26,0.312,0,0.142458101,0.304469274,0.83908046,64.26933333,6.523578947,0.356848921,62.454
2004김동주,2004,23,김동주,두산,0.286,124,517,430,72,123,84,19,1,19,201,76,0,2,69,3,4,6,16,67,14,0.467,0.402,0.869,30,0.313,1,0.181395349,0.337209302,0.868501529,81.97818182,6.727692733,0.381307393,78.904
2004박진만,2004,24,박진만,현대,0.286,129,506,434,65,124,89,18,0,17,193,69,10,5,48,2,6,3,9,67,10,0.445,0.365,0.81,34,0.295,1,0.158986175,0.276497696,0.783281734,72.45249012,5.78762495,0.353384615,71.374
2004장원진,2004,25,장원진,두산,0.284,130,486,429,51,122,98,15,4,5,160,49,5,3,44,1,5,8,5,54,5,0.373,0.356,0.729,37,0.287,0.143,0.088578089,0.184149184,0.64375,58.27144033,4.796734417,0.3239,57.468
2004손인호,2004,26,손인호,롯데,0.284,122,480,408,54,116,88,21,2,5,156,42,1,4,62,2,3,2,5,75,5,0.382,0.382,0.764,29,0.259,0.333,0.098039216,0.25245098,0.74916388,64.922,5.766098684,0.341163522,63.69
2004심재학,2004,27,심재학,KIA,0.282,128,469,372,64,105,58,23,2,22,198,81,3,9,79,4,1,4,6,54,7,0.532,0.408,0.94,25,0.346,0.667,0.25,0.454301075,1.007194245,86.18716418,8.024322182,0.400004329,83.158
2004박종호,2004,28,박종호,삼성,0.282,132,587,514,78,145,112,25,0,8,194,59,13,4,47,0,7,2,9,55,10,0.377,0.35,0.727,41,0.266,0,0.095330739,0.196498054,0.669291339,71.16960818,4.828088997,0.323818815,69.83
2004마해영,2004,29,마해영,KIA,0.281,124,519,437,54,123,96,16,0,11,172,71,1,11,56,4,4,3,14,68,19,0.394,0.373,0.767,29,0.289,0.667,0.112128146,0.242562929,0.723214286,65.06566474,5.048198126,0.337848249,66.836
2004이호준,2004,30,이호준,SK,0.28,133,578,497,87,139,85,22,2,30,255,112,2,6,69,5,7,7,4,75,12,0.513,0.368,0.881,39,0.288,0,0.233400402,0.3722334,0.870026525,93.65508651,6.568019054,0.376238179,92.05
2004안경현,2004,31,안경현,두산,0.28,125,525,447,57,125,94,20,1,10,177,51,9,2,54,2,8,3,13,44,15,0.396,0.372,0.768,33,0.248,0,0.116331096,0.248322148,0.732352941,67.53851429,5.19527033,0.341881323,66.138
2004진갑용,2004,32,진갑용,삼성,0.278,129,491,439,60,122,78,20,0,24,214,71,2,4,34,2,0,0,12,51,16,0.487,0.344,0.831,31,0.219,0.143,0.209567198,0.287015945,0.780780781,70.75584521,5.6354213,0.357823409,70.122
2004최경환,2004,33,최경환,두산,0.278,126,480,436,49,121,96,16,4,5,160,58,0,6,34,0,14,8,4,67,7,0.367,0.331,0.698,34,0.319,0.182,0.089449541,0.181192661,0.618181818,54.084,4.346035714,0.308375,54.504
2004조원우,2004,34,조원우,SK,0.277,119,463,386,59,107,85,17,2,3,137,35,20,4,42,0,5,6,11,49,3,0.355,0.361,0.716,24,0.229,0.5,0.077720207,0.183937824,0.65625,54.09257019,4.681087805,0.322422122,53.808
2004전상렬,2004,35,전상렬,두산,0.274,128,542,486,76,133,108,18,2,5,170,42,10,4,34,1,15,7,8,61,2,0.35,0.329,0.679,37,0.287,0.25,0.076131687,0.16255144,0.607734807,59.9498893,4.304912263,0.301606403,59.772
2004김한수,2004,36,김한수,삼성,0.271,133,558,498,60,135,88,30,1,16,215,84,6,4,30,2,1,2,20,79,23,0.432,0.335,0.767,36,0.348,0,0.16064257,0.218875502,0.680412371,66.86738351,4.536229535,0.334201818,65.948
2004정성훈,2004,37,정성훈,현대,0.266,118,540,470,66,125,94,23,0,8,172,59,8,1,54,3,1,3,7,60,11,0.366,0.35,0.716,37,0.305,0,0.1,0.210638298,0.643454039,61.24474074,4.4935,0.319028355,59.86
2004송지만,2004,38,송지만,현대,0.265,132,567,486,80,129,86,21,0,22,216,74,9,0,63,1,6,7,9,127,16,0.444,0.36,0.804,34,0.248,1,0.179012346,0.306584362,0.755263158,76.05340388,5.278770963,0.353746858,74.324
2004김종국,2004,39,김종국,KIA,0.265,133,562,491,66,130,99,20,1,10,182,46,18,2,46,0,39,8,5,81,10,0.371,0.333,0.704,31,0.254,0,0.105906314,0.262729124,0.696569921,65.53064057,4.434404249,0.312913603,65.762
2004김상훈,2004,40,김상훈,KIA,0.262,128,439,389,39,102,73,21,0,8,147,45,13,3,33,0,2,1,1,66,11,0.378,0.319,0.697,26,0.255,0,0.115681234,0.203084833,0.608695652,46.66241458,3.999635535,0.307319249,45.942
2004브리또,2004,41,브리또,SK,0.261,102,421,368,41,96,65,18,0,13,153,50,1,3,34,4,0,2,15,57,5,0.416,0.345,0.761,25,0.261,0,0.154891304,0.241847826,0.716845878,54.66897862,5.215768278,0.332692308,54.204
2004김민재,2004,42,김민재,SK,0.26,129,489,435,57,113,95,13,1,4,140,40,22,5,23,0,11,3,4,42,11,0.322,0.3,0.622,27,0.28,0,0.062068966,0.133333333,0.520833333,42.97398773,3.196412311,0.276074946,43.204
2004이종범,2004,43,이종범,KIA,0.26,133,577,493,100,128,82,29,0,17,208,52,12,2,53,1,42,7,17,50,9,0.422,0.35,0.772,37,0.2,0,0.162271805,0.340770791,0.82152231,80.45220104,5.499264375,0.340661348,80.03
2004최동수,2004,44,최동수,LG,0.257,123,414,381,49,98,61,22,0,15,165,57,4,4,23,3,1,1,2,51,15,0.433,0.3,0.733,20,0.265,0.333,0.175853018,0.236220472,0.635451505,45.33285024,3.986928197,0.313788698,46.242
2004심정수,2004,45,심정수,현대,0.256,102,455,367,64,94,57,14,1,22,176,78,0,7,75,3,0,1,6,128,11,0.48,0.385,0.865,20,0.281,0,0.223433243,0.42506812,0.898245614,71.61969231,6.622368809,0.37375885,71.176
2004조인성,2004,46,조인성,LG,0.254,129,432,386,40,98,74,16,0,8,138,49,3,4,36,0,2,5,3,63,9,0.358,0.319,0.677,22,0.255,0,0.103626943,0.189119171,0.57615894,43.51125,3.801953883,0.300778555,43.906
2004이대호,2004,47,이대호,롯데,0.248,132,514,444,52,110,64,26,0,20,196,68,6,6,38,0,4,3,20,78,21,0.441,0.331,0.772,23,0.248,0,0.193693694,0.281531532,0.712290503,61.46614786,4.485367547,0.33684252,63.006
2004김주찬,2004,48,김주찬,롯데,0.242,120,503,450,53,109,77,20,5,7,160,42,6,2,32,0,44,10,13,92,7,0.356,0.31,0.666,26,0.239,0,0.113333333,0.26,0.667597765,54.12998012,3.993195255,0.295929577,55.164
2005이병규,2005,1,이병규,LG,0.337,119,517,466,62,157,122,24,2,9,212,75,1,7,34,1,10,6,9,62,10,0.455,0.388,0.843,51,0.346,0.667,0.118025751,0.199570815,0.796923077,82.66831721,6.702836531,0.367038835,78.354
2005데이비스,2005,2,데이비스,한화,0.323,118,507,431,90,139,91,24,0,24,235,86,0,6,65,7,7,3,5,76,8,0.545,0.412,0.957,43,0.287,0,0.222737819,0.382830626,1.01980198,100.812071,8.808821738,0.407384,93.182
2005김태균,2005,3,김태균,한화,0.317,124,529,461,73,146,88,33,2,23,252,100,0,2,60,5,3,1,6,73,20,0.547,0.401,0.948,39,0.333,0,0.229934924,0.364425163,0.952380952,97.65190926,7.800596302,0.404828244,89.576
2005김재현,2005,4,김재현,SK,0.315,120,499,400,63,126,90,17,0,19,200,77,0,3,80,10,2,2,16,59,9,0.5,0.445,0.945,37,0.314,0.286,0.185,0.385,1.038596491,95.12336673,8.917815631,0.40890184,88.708
2005이종범,2005,5,이종범,KIA,0.312,118,495,430,69,134,101,25,2,6,181,36,7,0,47,2,28,5,11,49,8,0.421,0.393,0.814,38,0.228,0.333,0.109302326,0.272093023,0.84789644,77.29907071,6.604667434,0.360658436,72.488
2005임재철,2005,6,임재철,두산,0.31,109,401,336,41,104,85,13,3,3,132,30,22,4,35,0,10,3,4,51,5,0.393,0.377,0.77,31,0.259,0,0.083333333,0.208333333,0.741666667,54.15486284,5.496922168,0.341707124,52.622
2005박재홍,2005,7,박재홍,SK,0.304,109,495,421,76,128,88,21,1,18,205,63,2,3,67,2,22,10,2,78,10,0.487,0.4,0.887,34,0.265,0,0.182897862,0.370546318,0.913738019,84.55236364,7.178974271,0.385305499,80.616
2005클리어,2005,8,클리어,LG,0.303,110,453,402,64,122,80,23,4,15,198,61,0,5,36,3,19,5,10,85,8,0.493,0.371,0.864,34,0.281,0,0.189054726,0.313432836,0.880546075,75.84392936,6.871765412,0.37088,72.52
2005조원우,2005,9,조원우,한화,0.302,95,392,351,43,106,82,17,1,6,143,42,3,3,31,0,7,3,4,50,5,0.407,0.362,0.769,30,0.31,0.25,0.105413105,0.205128205,0.719367589,53.89892857,5.618807226,0.339606684,52.05
2005장성호,2005,10,장성호,KIA,0.3,123,533,464,70,139,99,23,1,16,212,74,1,4,61,10,4,1,3,48,12,0.457,0.382,0.839,37,0.298,0.75,0.157327586,0.295258621,0.825443787,82.24540338,6.474127963,0.360833333,78.846
2005박한이,2005,11,박한이,삼성,0.295,123,551,471,62,139,109,21,0,9,187,59,12,4,55,2,12,10,9,51,15,0.397,0.377,0.774,41,0.303,1,0.101910828,0.222929936,0.708683473,70.32130672,5.090282256,0.34338175,69.242
2005김한수,2005,12,김한수,삼성,0.293,114,465,406,55,119,86,18,0,15,182,73,3,3,35,3,1,0,18,68,9,0.448,0.372,0.82,30,0.292,0,0.155172414,0.243842365,0.797297297,69.6307957,6.225269814,0.358666667,67.016
2005안경현,2005,13,안경현,두산,0.293,105,415,355,54,104,81,19,0,4,135,62,4,3,44,1,1,2,9,39,10,0.38,0.382,0.762,25,0.346,0,0.087323944,0.208450704,0.711026616,53.3460241,5.33460241,0.341292683,52.078
2005서튼,2005,14,서튼,현대,0.292,119,521,424,76,124,69,18,2,35,251,102,0,7,86,8,0,2,4,101,3,0.592,0.411,1.003,33,0.298,1,0.299528302,0.497641509,1.11147541,110.7018042,9.579963827,0.420319688,102.852
2005이진영,2005,15,이진영,SK,0.291,122,523,453,76,132,92,19,1,20,213,74,8,4,55,3,8,5,3,60,7,0.47,0.369,0.839,40,0.238,0,0.178807947,0.306843267,0.822822823,80.8998088,6.331289384,0.363402344,78.65
2005진갑용,2005,16,진갑용,삼성,0.288,110,406,347,34,100,77,17,0,6,135,41,11,4,36,1,1,1,8,47,8,0.389,0.365,0.754,26,0.245,0,0.100864553,0.204610951,0.69921875,51.37315271,5.118358388,0.334380711,50.464
2005정수근,2005,17,정수근,롯데,0.286,109,431,370,63,106,83,21,2,0,131,29,6,2,49,1,21,15,4,53,3,0.354,0.374,0.728,31,0.313,0.333,0.067567568,0.216216216,0.673758865,52.212529,4.861166493,0.327856132,51.296
2005장원진,2005,18,장원진,두산,0.286,123,478,423,58,121,102,16,0,3,146,42,2,2,42,1,4,4,9,53,5,0.345,0.361,0.706,32,0.279,0,0.059101655,0.158392435,0.633440514,55.63824268,4.76899223,0.318490526,54.896
2005정경배,2005,19,정경배,SK,0.286,126,502,427,49,122,94,16,1,11,173,63,14,7,44,1,7,8,10,75,7,0.405,0.361,0.766,30,0.289,1,0.119437939,0.220140515,0.70625,64.57318725,5.112833008,0.337519507,64.88
2005펠로우,2005,20,펠로우,롯데,0.284,109,443,398,56,113,74,15,1,23,199,69,0,4,30,2,3,4,11,84,6,0.5,0.348,0.848,32,0.288,0,0.216080402,0.288944724,0.810169492,69.1655079,6.24571476,0.363918367,67.918
2005박용택,2005,21,박용택,LG,0.28,126,523,472,90,132,91,25,1,15,204,71,0,3,43,3,43,7,5,98,9,0.432,0.344,0.776,35,0.353,0.333,0.152542373,0.319915254,0.808988764,75.1389675,5.651120118,0.337657692,74.086
2005김민재,2005,22,김민재,SK,0.277,125,508,440,58,122,101,19,0,2,147,37,16,4,39,0,20,5,9,48,14,0.334,0.346,0.68,31,0.256,0,0.056818182,0.179545455,0.623145401,53.58716535,4.052810825,0.306361789,53.316
2005손시헌,2005,23,손시헌,두산,0.276,126,480,416,59,115,88,18,5,4,155,60,6,6,48,0,2,5,4,59,7,0.373,0.352,0.725,27,0.299,0,0.096153846,0.204326923,0.651757188,56.76875,4.716173077,0.322090717,56.668
2005심정수,2005,24,심정수,삼성,0.275,124,528,433,77,119,77,14,0,28,217,87,0,2,89,4,3,2,4,116,12,0.501,0.402,0.903,38,0.263,1,0.226327945,0.434180139,0.948170732,91.0275,7.447704545,0.391055344,87.172
2005조동찬,2005,25,조동찬,삼성,0.274,122,447,387,55,106,74,16,0,16,170,63,3,3,39,0,17,6,15,84,9,0.439,0.36,0.799,26,0.293,0.5,0.165374677,0.294573643,0.793918919,63.57941834,5.684252633,0.351880631,62.998
2005정수성,2005,26,정수성,현대,0.273,118,429,366,53,100,81,14,5,0,124,19,19,3,21,0,29,5,20,76,9,0.339,0.344,0.683,30,0.214,0,0.06557377,0.18852459,0.675,47.71529138,4.265936646,0.307604878,47.332
2005이범호,2005,27,이범호,한화,0.273,126,513,444,69,121,67,27,1,26,228,68,1,6,53,0,6,2,9,94,8,0.514,0.357,0.871,34,0.248,0,0.240990991,0.369369369,0.882882883,84.60475634,6.718613003,0.373806641,82.418
2005홍성흔,2005,28,홍성흔,두산,0.272,115,433,394,41,107,79,17,0,11,157,74,4,3,29,0,2,2,3,57,17,0.398,0.324,0.722,31,0.29,0,0.126903553,0.200507614,0.617647059,47.11316397,4.064074847,0.317128205,46.874
2005이호준,2005,29,이호준,SK,0.271,105,411,354,59,96,58,16,1,21,177,65,0,2,45,2,5,5,10,68,10,0.5,0.367,0.867,26,0.26,0,0.228813559,0.355932203,0.84981685,64.3336253,6.316392303,0.374396088,62.896
2005송지만,2005,30,송지만,현대,0.271,123,510,436,70,118,72,22,0,24,212,74,4,3,43,0,3,3,24,101,9,0.486,0.366,0.852,30,0.202,0.286,0.21559633,0.314220183,0.845454545,79.58678431,6.376389248,0.371017787,77.272
2005라이온,2005,31,라이온,롯데,0.268,125,534,492,65,132,78,40,3,11,211,73,2,1,37,3,7,3,2,70,11,0.429,0.321,0.75,36,0.326,0,0.160569106,0.243902439,0.679144385,66.31632959,4.749445355,0.324361059,63.47
2005박종호,2005,32,박종호,삼성,0.268,119,484,392,63,105,80,21,0,4,138,36,25,3,46,1,5,2,18,48,4,0.352,0.368,0.72,30,0.263,0,0.084183673,0.209183673,0.699658703,57.77070248,4.859217966,0.32628821,57.226
2005정성훈,2005,33,정성훈,현대,0.266,126,523,458,61,122,84,20,1,17,195,72,9,0,49,0,7,3,7,67,14,0.426,0.346,0.772,27,0.313,0,0.159388646,0.27510917,0.722379603,67.07204589,5.002611157,0.340249027,65.664
2005이대호,2005,34,이대호,롯데,0.266,126,512,447,53,119,80,16,2,21,202,80,0,3,47,4,1,0,15,76,12,0.452,0.354,0.806,29,0.273,0,0.185682327,0.293064877,0.779411765,72.33992188,5.694396183,0.349958661,71.282
2005이용규,2005,35,이용규,KIA,0.266,124,479,414,57,110,86,17,2,5,146,37,14,3,39,0,31,10,9,64,6,0.353,0.34,0.693,28,0.208,0,0.086956522,0.231884058,0.671875,54.38096033,4.35693154,0.310356989,54.798
2005양준혁,2005,36,양준혁,삼성,0.261,124,463,394,61,103,74,15,1,13,159,50,0,2,62,5,10,3,5,44,16,0.404,0.367,0.771,29,0.229,0.2,0.14213198,0.317258883,0.751612903,59.14764579,5.11854627,0.339770742,59.008
2005이도형,2005,37,이도형,한화,0.258,113,431,391,43,101,60,18,1,22,187,72,0,1,30,0,0,0,9,75,15,0.478,0.325,0.803,25,0.237,0.273,0.219948849,0.296675192,0.740983607,57.32598608,5.058175242,0.347477958,57.06
2005신명철,2005,38,신명철,롯데,0.256,116,398,344,47,88,64,16,3,5,125,33,25,1,25,0,21,8,3,79,5,0.363,0.311,0.674,19,0.244,0,0.10755814,0.218023256,0.617100372,40.55819095,3.712105613,0.298117962,40.428
2005이숭용,2005,39,이숭용,현대,0.252,105,390,330,45,83,56,13,0,14,138,55,3,2,46,2,1,1,9,50,10,0.418,0.357,0.775,16,0.275,0.286,0.166666667,0.306060606,0.748062016,50.44179487,5.178435215,0.341711688,50.43
2005박경완,2005,40,박경완,SK,0.245,114,425,347,43,85,57,17,0,11,135,44,8,6,57,7,1,4,7,100,6,0.389,0.357,0.746,18,0.232,0,0.144092219,0.299711816,0.720588235,51.55101176,4.866703908,0.326826829,52.55
2005강동우,2005,41,강동우,삼성,0.24,125,429,367,61,88,64,15,3,6,127,38,13,3,43,2,9,1,3,68,8,0.346,0.322,0.668,24,0.271,0,0.10626703,0.245231608,0.628472222,44.12587413,3.919074347,0.2972343,44.336
2005채종국,2005,42,채종국,현대,0.237,106,407,342,45,81,61,10,1,9,120,36,16,5,25,1,1,8,19,40,6,0.351,0.32,0.671,19,0.2,0,0.114035088,0.166666667,0.570909091,38.89636364,3.547979115,0.299771795,40.65
2005김종국,2005,43,김종국,KIA,0.235,117,429,374,39,88,66,15,3,4,121,40,10,5,37,0,11,5,3,68,7,0.324,0.305,0.629,19,0.265,0,0.088235294,0.203208556,0.560402685,39.18582751,3.380247101,0.281486874,40.036
2006이대호,2006,1,이대호,롯데,0.336,122,499,443,71,149,97,26,0,26,253,88,0,1,39,5,0,1,16,55,11,0.571,0.409,0.98,44,0.389,1,0.23476298,0.320541761,1.003267974,102.5487776,9.018947863,0.418995951,91.99
2006이택근,2006,2,이택근,현대,0.322,118,486,419,58,135,103,21,2,9,187,66,9,4,45,1,8,6,9,51,6,0.446,0.396,0.842,41,0.359,0,0.124105012,0.23627685,0.820945946,77.10061728,6.736947141,0.369871849,73.102
2006이용규,2006,3,이용규,KIA,0.318,125,552,485,78,154,119,25,9,1,200,39,7,1,50,3,38,11,9,48,6,0.412,0.391,0.803,46,0.25,0,0.094845361,0.253608247,0.82183908,84.67768116,6.422183683,0.354226937,79.666
2006장성호,2006,4,장성호,KIA,0.306,126,540,445,62,136,97,24,2,13,203,79,3,6,83,10,6,3,3,38,5,0.456,0.413,0.869,37,0.328,0,0.150561798,0.343820225,0.921135647,91.37007407,7.567460123,0.376593928,87.416
2006양준혁,2006,5,양준혁,삼성,0.303,126,533,413,63,125,80,31,1,13,197,81,1,7,103,10,12,7,9,43,11,0.477,0.445,0.922,33,0.375,0.75,0.17433414,0.435835351,1.026143791,96.11347092,8.264534124,0.399990421,91.476
2006이병규,2006,6,이병규,LG,0.297,120,515,478,51,142,105,29,1,7,194,55,1,1,31,5,3,2,4,65,8,0.406,0.344,0.75,46,0.298,0,0.108786611,0.175732218,0.664739884,66.28116505,5.142504185,0.32637721,62.54
2006박용택,2006,7,박용택,LG,0.294,126,534,476,69,140,95,26,3,16,220,64,1,4,50,6,25,3,2,93,7,0.462,0.361,0.823,37,0.236,0.5,0.168067227,0.319327731,0.849710983,84.53268293,6.502514071,0.354024715,81.006
2006정성훈,2006,8,정성훈,현대,0.291,122,492,416,56,121,82,26,0,13,186,66,12,8,49,4,3,4,7,43,15,0.447,0.369,0.816,29,0.3,0,0.15625,0.271634615,0.767515924,67.91430894,5.490078867,0.353094538,67.376
2006김태균,2006,9,김태균,한화,0.291,124,511,423,66,123,83,27,0,13,189,73,0,4,82,1,2,0,2,89,18,0.447,0.405,0.852,32,0.306,0.5,0.156028369,0.354609929,0.864779874,79.03972603,6.627554667,0.37545098,75.598
2006진갑용,2006,10,진갑용,삼성,0.288,110,408,358,28,103,75,22,0,6,143,47,9,7,29,0,1,2,5,37,18,0.399,0.343,0.742,21,0.287,0,0.111731844,0.189944134,0.64,46.07735294,4.275218314,0.325691729,46.124
2006홍성흔,2006,11,홍성흔,두산,0.287,119,424,390,36,112,86,16,0,10,158,56,2,2,26,1,1,1,4,49,10,0.405,0.336,0.741,31,0.314,0.25,0.117948718,0.184615385,0.650519031,51.94891509,4.787101391,0.325128266,50.598
2006김재현,2006,12,김재현,SK,0.287,109,441,356,42,102,77,16,1,8,144,51,1,2,76,3,5,2,6,56,10,0.404,0.418,0.822,22,0.32,0.6,0.117977528,0.33988764,0.860902256,65.7968254,6.604142326,0.368448513,64.222
2006이숭용,2006,13,이숭용,현대,0.286,119,449,370,44,106,87,12,0,7,139,43,12,3,59,3,3,6,5,45,11,0.376,0.389,0.765,25,0.279,0,0.089189189,0.240540541,0.711743772,55.95915367,5.104382261,0.342635945,55.73
2006박한이,2006,14,박한이,삼성,0.285,126,567,471,89,134,105,21,2,6,177,43,7,3,80,4,15,10,6,62,11,0.376,0.393,0.769,36,0.214,0,0.091295117,0.271762208,0.748603352,74.16698413,5.441599379,0.344602518,73.214
2006데이비스,2006,15,데이비스,한화,0.284,117,479,415,62,118,76,21,0,21,202,74,0,5,55,7,7,6,4,85,10,0.487,0.37,0.857,33,0.292,0.333,0.202409639,0.337349398,0.837060703,74.53728601,6.328637492,0.36621822,72.87
2006이재주,2006,16,이재주,KIA,0.284,115,436,377,38,107,68,26,0,13,172,59,1,4,52,1,1,1,2,78,13,0.456,0.37,0.826,34,0.243,0.286,0.172413793,0.310344828,0.795774648,63.68876147,5.950161106,0.359983871,61.356
2006정근우,2006,17,정근우,SK,0.284,120,487,430,69,122,91,19,4,8,173,42,13,4,36,1,45,10,4,60,3,0.402,0.342,0.744,35,0.289,0.25,0.118604651,0.28372093,0.77258567,65.89655031,5.263925616,0.326080338,65.96
2006안경현,2006,18,안경현,두산,0.284,125,499,423,45,120,84,21,0,15,186,70,5,5,50,2,3,1,16,45,19,0.44,0.377,0.817,29,0.337,0,0.156028369,0.278959811,0.786377709,69.66012024,5.648117857,0.35821748,68.59
2006이종욱,2006,19,이종욱,두산,0.284,120,448,388,76,110,89,14,6,1,139,32,11,1,40,2,51,7,7,60,1,0.358,0.36,0.718,31,0.292,0,0.074742268,0.291237113,0.804195804,61.15333333,5.540738255,0.320741935,59.94
2006박진만,2006,20,박진만,삼성,0.283,115,452,382,54,108,74,22,1,11,165,65,2,5,56,0,10,6,7,74,6,0.432,0.38,0.812,26,0.295,0,0.14921466,0.306282723,0.811188811,66.91367257,6.166106346,0.357891111,65.478
2006김동수,2006,21,김동수,현대,0.279,115,391,333,38,93,76,12,0,5,120,40,17,4,29,3,3,1,8,39,10,0.36,0.348,0.708,20,0.29,0,0.081081081,0.174174174,0.633466135,43.01043478,4.269418159,0.313477089,42.918
2006호세,2006,22,호세,롯데,0.277,122,504,415,59,115,72,21,0,22,202,78,0,3,84,5,3,2,2,83,13,0.487,0.399,0.886,29,0.316,0,0.209638554,0.414457831,0.917460317,83.47119048,7.08717655,0.38347495,80.126
2006이진영,2006,23,이진영,SK,0.273,118,473,428,54,117,93,13,0,11,163,41,2,0,41,2,3,4,2,52,8,0.381,0.34,0.721,33,0.225,0.667,0.107476636,0.200934579,0.634674923,55.15112051,4.581785396,0.318942431,54.114
2006송지만,2006,24,송지만,현대,0.27,119,510,441,76,119,87,16,0,16,183,53,12,1,43,1,8,3,13,69,10,0.415,0.351,0.766,32,0.298,0,0.145124717,0.253968254,0.728358209,66.14047059,5.131588235,0.338744467,65.108
2006손시헌,2006,25,손시헌,두산,0.267,126,462,404,29,108,86,16,4,2,138,34,11,2,35,1,2,3,10,48,5,0.342,0.339,0.681,24,0.286,0,0.074257426,0.158415842,0.598684211,49.35021645,4.203330739,0.305195556,48.476
2006조원우,2006,26,조원우,한화,0.267,106,391,341,48,91,80,10,0,1,104,25,11,4,30,0,6,2,5,45,6,0.305,0.332,0.637,22,0.292,0,0.038123167,0.137829912,0.554263566,37.42803069,3.701673365,0.288652632,37.82
2006서튼,2006,27,서튼,현대,0.266,93,394,331,50,88,51,18,1,18,162,61,0,2,59,2,0,0,2,72,9,0.489,0.378,0.867,20,0.208,0,0.223564955,0.401812689,0.884920635,63.38375635,6.737643391,0.375454082,60.944
2006조동찬,2006,28,조동찬,삼성,0.259,107,421,370,51,96,73,13,0,10,139,46,15,1,29,0,20,4,6,80,9,0.376,0.323,0.699,26,0.229,0,0.116216216,0.237837838,0.662020906,46.75714964,4.166478681,0.30991133,46.82
2006박재홍,2006,29,박재홍,SK,0.259,124,529,452,61,117,76,22,1,18,195,73,2,6,63,4,22,8,6,87,13,0.431,0.353,0.784,30,0.287,0,0.172566372,0.342920354,0.780898876,70.95935728,5.263468809,0.341445507,71.944
2006이범호,2006,30,이범호,한화,0.257,126,497,421,53,108,62,25,1,20,195,73,1,3,65,2,0,2,7,87,11,0.463,0.363,0.826,27,0.261,0,0.206650831,0.356294537,0.812883436,72.33754527,5.918526431,0.359459514,70.714
2006이도형,2006,31,이도형,한화,0.256,119,466,426,46,109,68,22,0,19,188,63,5,3,26,0,0,2,6,68,7,0.441,0.306,0.747,29,0.208,0.25,0.185446009,0.241784038,0.668711656,56.78832618,4.590673074,0.323570499,57.086
2006김한수,2006,32,김한수,삼성,0.254,103,396,343,41,87,65,15,0,7,123,54,2,4,32,0,6,3,15,54,12,0.359,0.34,0.699,18,0.282,0,0.104956268,0.206997085,0.638376384,42.50944444,4.143519856,0.313865482,43.128
2006이대수,2006,33,이대수,SK,0.253,122,428,387,46,98,74,15,4,5,136,26,11,0,25,0,5,1,5,68,6,0.351,0.307,0.658,26,0.149,0,0.098191214,0.173126615,0.574324324,43.00588785,3.782276782,0.292129496,41.606
2006강민호,2006,34,강민호,롯데,0.251,126,460,410,40,103,74,20,0,9,150,53,14,2,23,2,4,1,11,78,5,0.366,0.307,0.673,25,0.308,0,0.114634146,0.17804878,0.597444089,48.04852174,3.943191754,0.296240991,47.336
2006강동우,2006,35,강동우,두산,0.249,118,456,393,36,98,82,12,2,2,120,34,9,4,47,2,8,6,2,54,9,0.305,0.33,0.635,27,0.214,0,0.055979644,0.180661578,0.551612903,41.52632967,3.47124118,0.286966216,42.128
2006고동진,2006,36,고동진,한화,0.241,120,414,370,40,89,69,14,2,4,119,29,6,5,21,1,16,4,12,80,6,0.322,0.299,0.621,19,0.213,0.5,0.081081081,0.17027027,0.563573883,38.24231884,3.419015261,0.276402948,39.09
2006김상훈,2006,37,김상훈,KIA,0.234,122,417,367,33,86,68,15,1,2,109,35,18,0,30,0,1,2,2,54,9,0.297,0.296,0.593,19,0.304,0.333,0.0626703,0.141689373,0.479452055,32.63884892,2.842738454,0.267794486,30.808
2006김민재,2006,38,김민재,한화,0.211,121,428,375,41,79,57,17,0,5,111,27,17,1,31,0,11,3,4,54,18,0.296,0.277,0.573,17,0.167,0,0.085333333,0.189333333,0.485804416,29.3732243,2.367394197,0.258773723,28.178
2007이현곤,2007,1,이현곤,KIA,0.338,126,521,453,63,153,120,31,0,2,190,48,13,8,43,0,4,2,3,61,11,0.419,0.393,0.812,50,0.288,0,0.081677704,0.181015453,0.760383387,76.88953846,6.215621373,0.357084813,72.842
2007양준혁,2007,2,양준혁,삼성,0.337,123,544,442,78,149,93,34,0,22,249,72,1,2,91,15,20,8,7,44,12,0.563,0.456,1.019,40,0.283,0,0.226244344,0.459276018,1.146964856,118.1152486,10.09212567,0.432250474,105.288
2007이대호,2007,3,이대호,롯데,0.335,121,514,415,79,139,88,21,1,29,249,87,0,5,81,25,1,0,13,55,9,0.6,0.453,1.053,33,0.364,0,0.265060241,0.462650602,1.207017544,117.6915175,10.95748611,0.436699387,105.05
2007정근우,2007,4,정근우,SK,0.323,111,391,341,62,110,75,24,2,9,165,44,9,0,35,0,24,10,6,44,6,0.484,0.395,0.879,29,0.329,0.444,0.161290323,0.304985337,0.890688259,66.57468031,7.021548314,0.384013089,61.878
2007김동주,2007,5,김동주,두산,0.322,119,481,382,68,123,80,24,0,19,204,78,0,2,83,11,11,2,14,55,10,0.534,0.457,0.991,29,0.359,0.333,0.212041885,0.452879581,1.143911439,100.8086486,9.97008613,0.425212766,91.26
2007크루즈,2007,6,크루즈,한화,0.321,121,498,418,68,134,82,30,0,22,230,85,0,4,69,6,1,0,7,73,15,0.55,0.422,0.972,36,0.333,0.4,0.229665072,0.397129187,1.026755853,98.20481928,8.75092449,0.41475813,89.546
2007이종욱,2007,7,이종욱,두산,0.316,123,528,465,84,147,114,20,12,1,194,46,6,4,48,0,47,14,4,74,6,0.417,0.382,0.799,45,0.385,0,0.101075269,0.275268817,0.825443787,80.55339658,6.249832494,0.351527831,77.268
2007이호준,2007,8,이호준,SK,0.313,101,391,351,56,110,73,22,1,14,176,71,0,6,31,0,3,6,3,59,13,0.501,0.368,0.869,24,0.384,1,0.188034188,0.267806268,0.796153846,60.58823529,6.149933658,0.373856777,58.968
2007이택근,2007,9,이택근,현대,0.313,116,495,438,74,137,110,15,1,11,187,56,5,2,39,5,6,1,11,41,10,0.427,0.382,0.809,37,0.317,0.5,0.114155251,0.214611872,0.775641026,73.05244444,6.183122257,0.354148454,69.812
2007박진만,2007,10,박진만,삼성,0.312,100,400,333,34,104,72,25,0,7,150,56,5,5,53,2,5,3,4,38,5,0.45,0.408,0.858,29,0.347,0,0.138138138,0.303303303,0.88185654,65.82825,7.195800607,0.375592875,62.506
2007브룸바,2007,11,브룸바,현대,0.308,126,547,438,75,135,93,13,0,29,235,87,0,5,100,12,3,2,4,70,17,0.537,0.437,0.974,38,0.303,0,0.228310502,0.45890411,1.055900621,105.8091408,8.736534559,0.414824299,99.53
2007이대형,2007,12,이대형,LG,0.308,125,509,451,68,139,124,13,1,1,157,31,13,2,38,1,53,20,5,54,3,0.348,0.367,0.715,43,0.263,0.333,0.039911308,0.197339246,0.695522388,63.50003929,4.89857446,0.320777778,63.148
2007최동수,2007,13,최동수,LG,0.306,125,493,431,49,132,97,23,0,12,191,58,3,6,48,2,1,1,5,52,16,0.443,0.378,0.821,34,0.298,0.25,0.136890951,0.248259861,0.772151899,71.3778499,5.929852145,0.358096311,69.134
2007전준호,2007,14,전준호,현대,0.296,121,430,371,52,110,100,8,1,1,123,13,8,2,40,1,11,8,9,45,6,0.332,0.377,0.709,28,0.241,0.375,0.035040431,0.150943396,0.636363636,49.36744186,4.676915545,0.321980998,49.22
2007정수근,2007,15,정수근,롯데,0.293,105,395,341,45,100,70,25,1,4,139,36,9,2,42,0,10,5,1,38,6,0.408,0.37,0.778,28,0.36,0.2,0.114369501,0.252199413,0.742063492,53.83594937,5.526884536,0.344233161,51.506
2007김태균,2007,16,김태균,한화,0.29,118,491,393,62,114,80,13,0,21,190,85,0,6,90,4,2,1,2,70,13,0.483,0.42,0.903,31,0.373,0,0.193384224,0.424936387,0.965870307,84.8710387,7.663939949,0.39250308,82.3
2007정성훈,2007,17,정성훈,현대,0.29,122,503,445,59,129,83,29,1,16,208,76,7,3,40,5,1,2,8,66,9,0.467,0.357,0.824,34,0.295,0,0.17752809,0.265168539,0.779816514,74.22147117,5.946527364,0.355004073,70.962
2007이종열,2007,18,이종열,LG,0.285,121,459,389,46,111,92,13,2,4,140,53,19,4,46,0,5,3,1,39,8,0.36,0.359,0.719,25,0.289,0.333,0.074550129,0.197943445,0.653979239,53.41320261,4.62229638,0.321806818,53.068
2007발데스,2007,19,발데스,LG,0.283,116,512,435,50,123,95,15,0,13,177,72,0,5,70,4,4,1,2,49,14,0.407,0.381,0.788,33,0.278,0,0.124137931,0.291954023,0.770642202,70.0875,5.699887048,0.347714567,69.738
2007정보명,2007,20,정보명,롯데,0.282,119,436,394,40,111,82,24,3,2,147,45,5,3,30,0,5,1,4,75,12,0.373,0.336,0.709,29,0.295,0.143,0.091370558,0.177664975,0.625,49.22752294,4.372181313,0.313617169,47.22
2007조인성,2007,21,조인성,LG,0.282,124,464,419,44,118,81,24,0,13,181,73,6,5,30,3,1,1,4,61,8,0.432,0.332,0.764,33,0.284,0,0.150357995,0.221957041,0.693548387,60.18943966,5.062663149,0.329826374,59.202
2007장성호,2007,22,장성호,KIA,0.281,116,464,395,55,111,78,22,0,11,166,62,0,3,63,3,9,4,3,30,10,0.42,0.381,0.801,29,0.236,0.375,0.139240506,0.311392405,0.795302013,66.26090517,5.943669235,0.35329718,64.8
2007송지만,2007,23,송지만,현대,0.281,120,478,413,54,116,76,25,0,15,186,64,10,5,44,5,10,4,6,68,12,0.45,0.355,0.805,31,0.299,0.167,0.169491525,0.290556901,0.773162939,66.11924686,5.442742882,0.347213823,65.206
2007이용규,2007,24,이용규,KIA,0.28,118,491,439,61,123,98,17,8,0,156,27,5,3,37,0,17,11,7,40,4,0.355,0.344,0.699,29,0.279,0,0.075170843,0.173120729,0.622356495,55.85922607,4.448964908,0.311452675,55.13
2007박재홍,2007,25,박재홍,SK,0.28,115,400,347,53,97,60,19,1,17,169,54,1,7,41,6,10,7,4,52,5,0.487,0.356,0.843,22,0.247,0.333,0.207492795,0.334293948,0.828244275,61.2625,6.12625,0.357697201,61.384
2007박용택,2007,26,박용택,LG,0.278,126,532,479,69,133,91,24,4,14,207,66,4,5,43,6,20,2,1,83,7,0.432,0.335,0.767,35,0.292,0,0.154488518,0.281837161,0.757746479,73.25052632,5.433418161,0.329664751,72.096
2007안경현,2007,27,안경현,두산,0.274,109,400,351,26,96,73,17,4,2,127,49,4,6,33,2,1,0,6,27,13,0.362,0.341,0.703,23,0.278,0.2,0.088319088,0.185185185,0.623134328,43.4137,4.216438489,0.310005076,43.444
2007김민재,2007,28,김민재,한화,0.273,118,451,395,43,108,85,17,0,6,143,47,20,1,29,0,7,3,6,36,9,0.362,0.332,0.694,29,0.348,0,0.088607595,0.172151899,0.608695652,48.40900222,4.084509562,0.309113689,47.302
2007강민호,2007,29,강민호,롯데,0.271,125,474,413,48,112,78,20,0,14,174,68,17,3,37,1,1,4,4,88,10,0.421,0.335,0.756,25,0.343,1,0.150121065,0.232445521,0.673015873,57.27738397,4.61638617,0.330412281,56.606
2007고영민,2007,30,고영민,두산,0.268,126,536,444,89,119,77,29,1,12,186,66,8,6,61,1,36,10,17,105,9,0.419,0.373,0.792,35,0.287,0,0.150900901,0.346846847,0.843023256,77.05141791,5.811140457,0.350178368,76.53
2007박한이,2007,31,박한이,삼성,0.267,123,559,479,68,128,113,12,1,2,148,27,4,5,67,5,10,3,4,47,7,0.309,0.359,0.668,37,0.202,0,0.041753653,0.196242171,0.626038781,59.18168157,4.31866325,0.302572727,61.044
2007최정,2007,32,최정,SK,0.267,122,462,408,49,109,73,19,1,16,178,66,9,1,33,1,8,7,11,84,3,0.436,0.338,0.774,23,0.359,0,0.169117647,0.25245098,0.721682848,61.45285714,5.201339006,0.338473451,60.368
2007이원석,2007,33,이원석,롯데,0.262,121,407,363,43,95,83,10,1,1,110,29,16,1,24,0,2,5,3,57,7,0.303,0.312,0.615,25,0.275,0,0.041322314,0.099173554,0.478571429,34.2972973,3.117936118,0.277092072,32.964
2007김주찬,2007,34,김주찬,롯데,0.261,113,416,387,49,101,78,17,1,5,135,30,7,1,13,3,22,8,8,69,4,0.349,0.298,0.647,29,0.257,0.286,0.087855297,0.157622739,0.570469799,41.05961538,3.62290724,0.282980296,40.628
2007심정수,2007,35,심정수,삼성,0.258,124,515,427,64,110,62,17,0,31,220,101,0,2,83,1,6,0,3,113,10,0.515,0.381,0.896,32,0.303,0,0.257611241,0.466042155,0.95412844,88.94050485,7.299068787,0.386776265,85.716
2007신명철,2007,36,신명철,삼성,0.252,126,471,416,43,105,78,20,2,5,144,31,23,2,27,0,19,9,3,68,11,0.346,0.301,0.647,30,0.212,0,0.09375,0.182692308,0.555891239,42.65010616,3.234699062,0.286587054,42.476
2007고동진,2007,37,고동진,한화,0.249,124,473,394,68,98,84,8,5,1,119,37,11,2,50,2,10,4,16,67,6,0.302,0.355,0.657,23,0.387,0.25,0.053299492,0.195431472,0.624183007,48.05581395,4.06741999,0.302293478,48.964
2007김일경,2007,38,김일경,현대,0.247,117,444,376,44,93,78,11,1,3,115,26,36,1,25,0,9,3,6,56,11,0.306,0.304,0.61,23,0.262,0,0.058510638,0.140957447,0.511784512,36.41396396,2.943643793,0.274884804,35.302
2007박경완,2007,39,박경완,SK,0.247,119,437,352,60,87,50,21,1,15,155,60,11,9,55,4,6,3,10,68,9,0.44,0.357,0.797,22,0.228,0,0.193181818,0.357954545,0.805054152,59.06910755,5.369918868,0.344836493,60.666
2007이범호,2007,40,이범호,한화,0.246,126,505,418,57,103,68,14,0,21,180,63,6,4,72,1,2,0,5,73,14,0.431,0.361,0.792,31,0.296,0,0.184210526,0.361244019,0.787234043,67.71485149,5.39321826,0.348592369,68.376
2007진갑용,2007,41,진갑용,삼성,0.246,122,427,362,28,89,72,12,0,5,116,39,5,4,49,2,0,1,7,38,9,0.32,0.344,0.664,26,0.227,0,0.074585635,0.20718232,0.604240283,42.59297424,3.938391454,0.301316667,43.856
2007최준석,2007,42,최준석,두산,0.244,121,451,386,48,94,56,20,2,16,166,75,5,7,51,1,1,0,2,95,10,0.43,0.33,0.76,23,0.279,0.2,0.186528497,0.321243523,0.728476821,56.58616408,4.865689268,0.329779775,57.68
2007권용관,2007,43,권용관,LG,0.241,121,398,349,41,84,65,12,3,4,114,36,16,3,26,1,11,4,4,67,14,0.327,0.298,0.625,18,0.223,0,0.085959885,0.180515759,0.533568905,33.07899497,2.95739359,0.277475066,33.014
2007김상현,2007,44,김상현,LG,0.235,121,434,378,44,89,55,27,0,7,137,41,10,3,33,0,6,0,10,85,12,0.362,0.311,0.673,24,0.239,0.333,0.126984127,0.23015873,0.617940199,43.70322581,3.75792069,0.2995,43.1
2008김현수,2008,1,김현수,두산,0.357,126,558,470,83,168,120,34,5,9,239,89,0,2,80,1,13,8,5,40,12,0.509,0.454,0.963,50,0.379,0,0.15106383,0.331914894,1.02173913,112.3754399,9.364619988,0.419971223,100.03
2008홍성흔,2008,2,홍성흔,두산,0.331,114,460,423,45,140,111,19,2,8,187,63,3,5,25,5,8,1,4,35,16,0.442,0.37,0.812,37,0.309,0,0.111111111,0.186761229,0.743333333,66.60243478,5.838525127,0.350365044,63.61
2008최정,2008,3,최정,SK,0.328,114,476,406,77,133,96,24,1,12,195,61,10,2,41,2,19,8,17,58,7,0.48,0.41,0.89,33,0.284,0,0.15270936,0.280788177,0.916666667,83.44470588,7.510023529,0.389103448,77.516
2008조성환,2008,4,조성환,롯데,0.327,123,525,462,79,151,111,27,3,10,214,81,4,11,37,0,31,3,11,81,6,0.463,0.382,0.845,48,0.324,0,0.136363636,0.277056277,0.90625,90.62095238,7.303778252,0.36647025,86.772
2008김태균,2008,5,김태균,한화,0.324,115,484,410,81,133,74,27,1,31,255,92,0,5,64,4,2,0,5,67,8,0.622,0.417,1.039,39,0.378,0,0.297560976,0.458536585,1.143859649,110.443719,10.28269108,0.437116667,99.004
2008박재홍,2008,6,박재홍,SK,0.318,112,471,396,66,126,79,26,2,19,213,72,0,3,69,4,5,6,3,66,14,0.538,0.42,0.958,33,0.327,0.25,0.21969697,0.391414141,0.979310345,88.75057325,8.17838047,0.410892934,81.862
2008이택근,2008,7,이택근,우리,0.317,110,428,372,59,118,86,19,1,12,175,58,1,3,48,4,18,6,4,44,10,0.47,0.398,0.868,33,0.348,0.4,0.153225806,0.314516129,0.885185185,71.57401869,7.052914251,0.377040189,67.878
2008박한이,2008,8,박한이,삼성,0.316,104,442,370,57,117,94,17,2,4,150,41,5,3,63,1,5,6,1,37,6,0.405,0.414,0.819,32,0.342,0.2,0.089189189,0.256756757,0.803773585,66.20058824,6.547310924,0.365704128,63.754
2008정근우,2008,9,정근우,SK,0.314,124,550,491,73,154,122,20,4,8,206,58,6,4,46,1,40,20,3,53,9,0.42,0.373,0.793,49,0.3,0.5,0.105906314,0.240325866,0.75136612,77.34458182,5.553999226,0.348222836,76.086
2008김주찬,2008,10,김주찬,롯데,0.313,104,458,412,75,129,105,16,7,1,162,42,9,5,24,0,32,18,8,61,6,0.393,0.359,0.752,40,0.311,0,0.080097087,0.172330097,0.67752443,58.10235808,4.887114231,0.330737194,57.652
2008이용규,2008,11,이용규,KIA,0.312,106,473,417,62,130,100,24,6,0,166,38,6,0,47,1,28,9,3,37,4,0.398,0.385,0.783,41,0.314,0,0.086330935,0.244604317,0.783333333,69.34913319,6.119041164,0.347806867,65.224
2008전준호,2008,12,전준호,우리,0.31,114,391,352,44,109,87,16,5,1,138,24,1,2,35,2,16,11,1,41,5,0.392,0.372,0.764,25,0.263,0.125,0.082386364,0.196022727,0.691119691,51.70557545,5.328437164,0.336515464,49.812
2008김동주,2008,13,김동주,두산,0.309,109,451,363,55,112,80,12,2,18,182,104,0,13,63,5,2,2,12,54,11,0.501,0.415,0.916,30,0.346,0,0.192837466,0.366391185,0.973484848,80.24833703,7.822040071,0.391874439,79.128
2008김원섭,2008,14,김원섭,KIA,0.305,106,404,344,55,105,87,14,4,0,127,30,4,2,51,1,21,8,3,50,3,0.369,0.398,0.767,30,0.244,0,0.063953488,0.25,0.776,56.71623762,5.981790687,0.344847118,55.11
2008이종욱,2008,15,이종욱,두산,0.301,122,522,458,98,138,119,14,5,0,162,28,6,2,52,2,47,8,4,53,4,0.354,0.376,0.73,34,0.239,0,0.052401747,0.251091703,0.774096386,71.34957854,5.665995943,0.327231518,69.816
2008이대호,2008,16,이대호,롯데,0.301,122,527,435,73,131,90,23,0,18,208,94,0,12,62,4,0,1,18,56,9,0.478,0.4,0.878,34,0.306,0,0.177011494,0.317241379,0.914012739,89.24857685,7.391753297,0.379711281,87.302
2008안치용,2008,17,안치용,LG,0.295,101,421,370,46,109,72,27,3,7,163,52,3,9,39,1,7,2,0,79,6,0.441,0.354,0.795,34,0.301,0,0.145945946,0.264864865,0.769516729,60.77529691,5.839619276,0.342997602,59.538
2008브룸바,2008,18,브룸바,우리,0.293,102,420,358,39,105,75,17,0,13,161,61,0,4,56,6,1,1,2,79,12,0.45,0.388,0.838,25,0.333,0,0.156424581,0.312849162,0.823308271,63.25714286,6.325714286,0.363326087,61.138
2008강민호,2008,19,강민호,롯데,0.292,122,501,435,51,127,82,25,1,19,211,82,0,10,49,1,2,4,7,77,13,0.485,0.365,0.85,30,0.285,0,0.193103448,0.301149425,0.815384615,76.71784431,6.183229243,0.36566,75.984
2008박기혁,2008,20,박기혁,롯데,0.291,113,404,351,47,102,87,13,1,1,120,36,8,3,40,0,16,7,2,47,6,0.342,0.364,0.706,26,0.242,0,0.051282051,0.190883191,0.652671756,47.00435644,4.648782505,0.318141414,46.684
2008가르시아,2008,21,가르시아,롯데,0.283,125,513,460,68,130,73,25,2,30,249,111,0,2,48,6,2,1,3,100,10,0.541,0.353,0.894,33,0.338,0.5,0.258695652,0.365217391,0.882697947,87.08109162,6.854779807,0.378838264,83.16
2008송지만,2008,22,송지만,우리,0.28,118,451,414,48,116,85,18,0,13,173,62,0,4,28,1,4,5,5,82,11,0.418,0.33,0.748,34,0.32,0.625,0.137681159,0.202898551,0.652866242,54.69809313,4.644177718,0.326193333,54.364
2008박석민,2008,23,박석민,삼성,0.279,126,499,416,65,116,74,27,1,14,187,64,8,2,61,1,2,3,12,84,15,0.45,0.385,0.835,29,0.301,0,0.170673077,0.314903846,0.814465409,72.63559118,5.979149274,0.367110204,69.608
2008양준혁,2008,24,양준혁,삼성,0.278,114,443,385,49,107,81,16,2,8,151,49,2,2,46,4,1,1,7,37,10,0.392,0.364,0.756,24,0.309,0.25,0.114285714,0.233766234,0.705882353,56.0738914,5.167218662,0.333582569,54.944
2008이범호,2008,25,이범호,한화,0.276,125,508,434,80,120,77,21,3,19,204,77,0,4,61,0,12,1,9,50,18,0.47,0.374,0.844,32,0.315,0,0.193548387,0.359447005,0.855855856,77.59629921,6.21691418,0.368100394,75.9
2008최형우,2008,26,최형우,삼성,0.276,126,440,384,68,106,63,24,0,19,187,71,0,2,48,2,3,0,6,76,9,0.487,0.364,0.851,24,0.336,0.1,0.2109375,0.34375,0.850174216,69.70709091,6.512427178,0.367762557,66.642
2008강정호,2008,27,강정호,우리,0.271,116,408,362,36,98,71,18,1,8,142,47,7,3,31,1,3,1,5,65,12,0.392,0.334,0.726,24,0.276,0.333,0.121546961,0.212707182,0.649819495,46.81632353,4.404323119,0.3194675,46.06
2008정성훈,2008,28,정성훈,우리,0.27,109,399,355,43,96,70,21,2,3,130,34,2,1,36,1,8,4,5,41,13,0.366,0.345,0.711,21,0.299,0.222,0.095774648,0.208450704,0.634057971,43.94586466,4.252825612,0.316747475,42.532
2008고영민,2008,29,고영민,두산,0.267,126,528,427,84,114,87,15,3,9,162,70,7,6,74,0,39,9,14,109,10,0.379,0.388,0.767,29,0.311,0,0.112412178,0.355971897,0.843373494,73.44954545,5.748225296,0.346076775,74.198
2008김태완,2008,30,김태완,한화,0.266,124,450,383,44,102,63,16,0,23,187,73,0,6,50,4,0,1,11,78,9,0.488,0.362,0.85,26,0.269,0.154,0.221932115,0.349869452,0.848797251,69.6796,6.334509091,0.365170404,69.176
2008최동수,2008,31,최동수,LG,0.265,110,431,381,32,101,72,15,0,14,158,62,5,5,31,1,0,3,9,62,16,0.415,0.331,0.746,23,0.273,1,0.149606299,0.223097113,0.652173913,49.06607889,4.287327281,0.325983529,49.944
2008이대형,2008,32,이대형,LG,0.264,126,574,523,71,138,131,5,2,0,147,33,9,1,39,1,63,15,2,80,3,0.281,0.317,0.598,35,0.298,0,0.017208413,0.183556405,0.58560794,54.79609756,3.582311463,0.271235816,55.9
2008박경수,2008,33,박경수,LG,0.259,116,444,367,46,95,75,11,1,8,132,43,23,10,37,0,6,5,7,65,13,0.36,0.33,0.69,19,0.253,1,0.100817439,0.204359673,0.610344828,44.61738739,3.729626809,0.305950119,47.23
2008이현곤,2008,34,이현곤,KIA,0.257,112,435,393,33,101,78,19,2,2,130,40,4,4,30,1,5,5,3,51,12,0.331,0.312,0.643,25,0.294,0,0.073791349,0.150127226,0.527508091,39.11142857,3.331257323,0.285179487,38.582
2008나주환,2008,35,나주환,SK,0.247,118,413,361,43,89,67,16,3,3,120,46,13,7,26,0,14,5,6,64,12,0.332,0.303,0.635,20,0.267,0,0.085872576,0.182825485,0.557093426,36.76513317,3.212487365,0.2814775,37.938
2008클락,2008,36,클락,한화,0.246,125,546,472,96,116,66,25,3,22,213,79,1,5,63,4,25,5,5,78,8,0.451,0.338,0.789,32,0.269,0,0.205508475,0.381355932,0.815718157,76.96879121,5.541752967,0.340486137,77.726
2008추승우,2008,37,추승우,한화,0.245,119,419,371,53,91,75,13,3,0,110,20,7,1,30,4,19,5,10,75,3,0.296,0.318,0.614,22,0.229,0.273,0.051212938,0.169811321,0.569444444,39.16038186,3.572061859,0.275995098,38.78
2008박진만,2008,38,박진만,삼성,0.244,104,391,332,28,81,61,12,3,5,114,38,9,3,44,0,5,4,3,50,9,0.343,0.335,0.678,20,0.247,0,0.09939759,0.234939759,0.613636364,39.72352941,3.885997442,0.305358639,40.21
2008김민재,2008,39,김민재,한화,0.241,114,397,357,26,86,68,13,0,5,114,35,7,1,30,1,13,3,2,37,6,0.319,0.303,0.622,19,0.301,0,0.078431373,0.19047619,0.557142857,36.51088161,3.422895151,0.278215938,36.474
2009박용택,2009,1,박용택,LG,0.372,111,506,452,91,168,114,31,5,18,263,74,3,9,36,2,22,3,6,63,15,0.582,0.417,0.999,51,0.402,1,0.210176991,0.331858407,1.072847682,110.4493281,9.497235216,0.424307385,99.376
2009홍성흔,2009,2,홍성흔,롯데,0.371,119,487,426,71,158,113,33,0,12,227,64,0,7,49,1,9,3,5,55,15,0.533,0.435,0.968,46,0.352,0,0.161971831,0.291079812,1.003496503,99.23080082,9.144135229,0.417380658,88.95
2009김현수,2009,3,김현수,두산,0.357,133,572,482,97,172,112,31,6,23,284,104,0,6,80,5,6,6,4,59,7,0.589,0.448,1.037,52,0.354,0,0.232365145,0.398340249,1.139318885,132.0271678,10.83505633,0.440176367,116.208
2009김동주,2009,4,김동주,두산,0.353,105,426,354,63,125,78,28,0,19,210,86,0,3,61,10,3,1,8,55,17,0.593,0.455,1.048,40,0.369,0,0.240112994,0.418079096,1.137651822,94.38723005,10.19382085,0.442949519,83.07
2009정근우,2009,5,정근우,SK,0.35,127,565,480,98,168,126,29,4,9,232,59,2,5,67,1,53,13,11,55,8,0.483,0.437,0.92,51,0.328,0.25,0.133333333,0.35625,1.051051051,112.7867257,8.95659292,0.402631673,103.26
2009페타지니,2009,6,페타지니,LG,0.332,115,498,388,62,129,87,16,0,26,223,100,0,6,97,9,2,0,7,70,7,0.575,0.468,1.043,33,0.35,0,0.242268041,0.49742268,1.236842105,114.2979116,11.34574858,0.442515337,103.13
2009김상현,2009,7,김상현,KIA,0.315,121,496,448,77,141,73,30,2,36,283,127,0,1,41,1,7,5,6,103,11,0.632,0.379,1.011,46,0.403,0,0.316964286,0.412946429,1.027863777,103.7270968,8.643924731,0.427248485,95.416
2009이택근,2009,8,이택근,히어로즈,0.311,123,538,456,84,142,101,26,0,15,213,66,1,4,64,5,43,8,13,59,13,0.467,0.408,0.875,38,0.291,0,0.155701754,0.372807018,0.970149254,94.46587361,7.501701728,0.38156203,89.708
2009김주찬,2009,9,김주찬,롯데,0.31,109,479,435,77,135,93,30,5,7,196,51,4,6,28,0,34,7,6,56,7,0.451,0.356,0.807,43,0.36,0,0.140229885,0.266666667,0.818471338,73.68810021,6.140675017,0.349416842,71.162
2009강봉규,2009,10,강봉규,삼성,0.31,126,529,449,89,139,93,24,2,20,227,78,6,1,69,2,20,3,4,61,15,0.506,0.405,0.911,37,0.274,0.333,0.195991091,0.38752784,0.966463415,95.16635161,7.670123861,0.395222649,88.612
2009최희섭,2009,11,최희섭,KIA,0.308,131,545,435,98,134,78,23,0,33,256,100,0,7,96,13,2,4,7,108,14,0.589,0.435,1.024,37,0.336,0.167,0.28045977,0.496551724,1.119122257,114.1532477,9.454410086,0.428917293,105.466
2009강동우,2009,12,강동우,한화,0.302,128,585,506,88,153,111,30,2,10,217,48,4,5,69,0,27,3,1,58,6,0.429,0.384,0.813,45,0.305,0.5,0.126482213,0.31027668,0.859116022,92.88697436,6.759968484,0.358005164,88.836
2009최준석,2009,13,최준석,두산,0.302,116,417,361,49,109,81,11,0,17,171,94,0,4,49,1,1,0,3,77,13,0.474,0.386,0.86,28,0.395,0.125,0.171745152,0.310249307,0.845283019,66.31961631,6.656615763,0.374401442,64.044
2009정성훈,2009,14,정성훈,LG,0.301,121,494,419,62,126,95,19,2,10,179,70,8,4,59,2,5,0,4,46,10,0.427,0.389,0.816,36,0.338,0.5,0.126491647,0.279236277,0.815181518,73.81032389,6.32659919,0.359305785,71.162
2009김원섭,2009,15,김원섭,KIA,0.301,101,426,356,74,107,76,14,9,8,163,43,5,3,56,1,20,10,6,55,8,0.458,0.401,0.859,27,0.307,0.2,0.157303371,0.342696629,0.880149813,68.55967136,6.731313188,0.376,65.85
2009이진영,2009,16,이진영,LG,0.3,120,425,380,50,114,81,18,1,14,176,69,2,2,40,7,5,2,1,30,19,0.463,0.366,0.829,31,0.302,0.45,0.163157895,0.276315789,0.766550523,59.75454118,5.544235779,0.356153846,57.84
2009이원석,2009,17,이원석,두산,0.298,125,414,376,49,112,79,20,4,9,167,53,0,5,28,2,2,6,5,52,15,0.444,0.35,0.794,30,0.238,0,0.146276596,0.210106383,0.687719298,53.5236715,4.983238381,0.343315534,52.624
2009이숭용,2009,18,이숭용,히어로즈,0.296,114,422,362,47,107,80,20,3,4,145,52,4,6,48,1,8,3,2,44,7,0.401,0.376,0.777,28,0.311,0,0.104972376,0.251381215,0.754716981,58.20781991,5.714949591,0.342426859,57.158
2009박재상,2009,19,박재상,SK,0.295,133,614,515,84,152,102,31,4,15,236,81,20,5,68,1,33,11,6,107,7,0.458,0.38,0.838,40,0.241,0,0.163106796,0.337864078,0.871391076,96.59465798,6.423782674,0.365946037,93.104
2009채태인,2009,20,채태인,삼성,0.293,118,425,368,58,108,63,26,2,17,189,72,1,2,49,4,0,0,5,90,4,0.514,0.382,0.896,31,0.29,0.714,0.220108696,0.35326087,0.920454545,75.67642353,7.652672042,0.383930952,69.96
2009이대호,2009,21,이대호,롯데,0.293,133,549,478,73,140,83,28,1,28,254,100,0,4,51,3,0,0,16,65,13,0.531,0.377,0.908,41,0.299,0.5,0.238493724,0.345188285,0.914529915,96.37100182,7.329625491,0.389203297,91.26
2009신명철,2009,22,신명철,삼성,0.291,124,485,423,71,123,84,17,2,20,204,61,10,3,48,1,21,6,1,72,10,0.482,0.362,0.844,36,0.286,0.667,0.191489362,0.340425532,0.848101266,75.3174433,6.181066775,0.365337553,73.784
2009클락,2009,23,클락,히어로즈,0.29,125,559,486,85,141,89,24,4,24,245,90,0,2,65,2,23,8,3,85,14,0.504,0.376,0.88,39,0.32,0,0.21399177,0.378600823,0.89373297,92.54482014,6.771572206,0.379615523,88.85
2009김태완,2009,24,김태완,한화,0.289,112,446,360,62,104,62,17,2,23,194,68,0,3,72,4,1,1,11,89,6,0.539,0.419,0.958,29,0.279,0.125,0.25,0.45,1.053231939,87.42511211,8.873977545,0.410920814,81.298
2009손시헌,2009,25,손시헌,두산,0.289,121,476,412,56,119,83,22,3,11,180,59,7,3,42,1,6,3,12,67,5,0.437,0.369,0.806,31,0.322,0,0.148058252,0.257281553,0.787375415,70.05567227,6.082003702,0.3535,67.324
2009송지만,2009,26,송지만,히어로즈,0.289,115,439,374,69,108,68,15,3,22,195,67,1,4,52,2,10,3,8,122,10,0.521,0.384,0.905,29,0.275,0.286,0.232620321,0.390374332,0.9390681,76.92801822,7.313579197,0.388412844,73.564
2009나주환,2009,27,나주환,SK,0.288,118,454,382,60,110,82,13,0,15,168,65,20,4,41,0,21,9,7,74,8,0.44,0.364,0.804,27,0.262,0,0.151832461,0.290575916,0.788927336,63.31955947,5.462070625,0.352728111,63.428
2009강정호,2009,28,강정호,히어로즈,0.286,133,538,476,73,136,78,33,2,23,242,81,8,5,45,2,3,2,4,81,18,0.508,0.349,0.857,37,0.259,0,0.222689076,0.319327731,0.811111111,80.51877323,5.828436668,0.366579545,78.602
2009이범호,2009,29,이범호,한화,0.284,126,499,436,64,124,78,21,0,25,220,79,0,3,53,5,3,1,7,70,10,0.505,0.369,0.874,36,0.234,0.25,0.220183486,0.346330275,0.873065015,82.31194389,6.817246886,0.374536437,79.06
2009최형우,2009,30,최형우,삼성,0.284,113,481,415,70,118,71,24,0,23,211,83,1,3,53,4,1,2,9,60,12,0.508,0.375,0.883,35,0.314,0.333,0.224096386,0.34939759,0.874598071,78.92074844,6.764635581,0.379460084,75.66
2009황재균,2009,31,황재균,히어로즈,0.284,133,608,536,86,152,102,27,5,18,243,63,6,8,55,0,30,15,3,100,11,0.453,0.349,0.802,41,0.268,0,0.169776119,0.300373134,0.770731707,85.02736842,5.414478649,0.347652824,85.65
2009임재철,2009,32,임재철,두산,0.281,121,426,359,61,101,81,13,1,6,134,50,2,1,52,0,11,5,12,63,14,0.373,0.389,0.762,28,0.263,0,0.091922006,0.253481894,0.736462094,54.1228169,5.218985915,0.345476415,53.226
2009이대형,2009,33,이대형,LG,0.28,133,597,521,92,146,132,10,2,2,166,41,22,4,50,1,64,18,0,77,8,0.319,0.341,0.66,40,0.25,0,0.038387716,0.222648752,0.653366584,64.2241206,4.061009968,0.296897213,65.864
2009박정권,2009,34,박정권,SK,0.276,131,511,446,70,123,71,27,0,25,225,76,8,2,51,4,5,4,4,91,8,0.504,0.354,0.858,37,0.252,0.4,0.228699552,0.34529148,0.83880597,79.93338552,6.255656258,0.367771543,77.202
2009이종범,2009,35,이종범,KIA,0.273,123,449,385,63,105,77,21,1,6,146,40,12,6,41,1,11,1,5,50,9,0.379,0.346,0.725,25,0.228,0.4,0.106493506,0.238961039,0.696551724,54.25830735,4.75641006,0.320311927,54.28
2009가르시아,2009,36,가르시아,롯데,0.266,130,539,467,72,124,65,29,1,29,242,84,0,5,62,3,4,3,5,124,11,0.518,0.354,0.872,31,0.246,0,0.25267666,0.3875803,0.868347339,86.47057514,6.449462787,0.372326493,84.368
2009나지완,2009,37,나지완,KIA,0.263,128,457,384,58,101,66,12,0,23,182,73,3,4,58,3,4,1,8,90,9,0.474,0.368,0.842,24,0.227,0.231,0.2109375,0.369791667,0.85665529,70.11750547,6.310575492,0.364840355,69.41
2009송광민,2009,38,송광민,한화,0.261,116,440,417,50,109,79,15,1,14,168,43,5,1,12,1,5,0,5,109,13,0.403,0.29,0.693,29,0.262,0,0.141486811,0.182254197,0.591900312,45.68281818,3.771975813,0.300246544,45.258
2009이현곤,2009,39,이현곤,KIA,0.253,120,428,363,35,92,75,15,0,2,113,33,15,6,34,0,11,3,10,63,16,0.311,0.329,0.64,24,0.25,0.333,0.05785124,0.173553719,0.568965517,38.56626168,3.348196352,0.290520581,39.166
2009권용관,2009,40,권용관,LG,0.247,128,431,381,45,94,69,15,3,7,136,34,13,2,28,0,5,3,7,67,11,0.357,0.309,0.666,19,0.187,0.4,0.11023622,0.188976378,0.574750831,41.49071926,3.545093101,0.29530622,41.164
2009브룸바,2009,41,브룸바,히어로즈,0.245,123,526,436,69,107,58,21,1,27,211,86,0,2,86,9,2,2,2,111,17,0.484,0.371,0.855,21,0.271,0,0.23853211,0.435779817,0.859195402,78.16942966,6.030213145,0.366497099,76.822
2009안치홍,2009,42,안치홍,KIA,0.235,123,415,371,53,87,56,13,4,14,150,38,7,3,32,1,8,5,2,103,10,0.404,0.297,0.701,20,0.186,0.286,0.169811321,0.264150943,0.62541806,42.89551807,3.748152065,0.304407862,44.296
2009김상훈,2009,43,김상훈,KIA,0.23,124,441,379,35,87,61,14,0,12,137,65,8,4,46,2,2,1,4,72,10,0.361,0.316,0.677,17,0.32,0,0.131926121,0.255936675,0.620462046,44.78857143,3.839020408,0.300487239,45.964
2010이대호,2010,1,이대호,롯데,0.364,127,552,478,99,174,117,13,0,44,319,133,0,3,61,6,0,2,10,77,15,0.667,0.444,1.111,51,0.426,0,0.30334728,0.426778243,1.208722741,139.3856522,11.61547101,0.468032967,121.764
2010홍성흔,2010,2,홍성흔,롯데,0.35,111,498,431,88,151,96,28,1,26,259,116,1,5,54,3,2,2,7,49,18,0.601,0.427,1.028,54,0.438,0,0.250580046,0.37587007,1.066666667,107.273253,9.46528703,0.436145749,96.468
2010조성환,2010,3,조성환,롯데,0.336,111,458,414,83,139,100,31,0,8,194,52,2,3,35,1,8,2,4,58,8,0.469,0.39,0.859,44,0.324,0,0.132850242,0.231884058,0.838596491,77.26532751,7.193668423,0.374094505,70.826
2010이진영,2010,4,이진영,LG,0.331,104,417,378,56,125,90,28,0,7,174,50,2,4,32,0,10,4,1,40,7,0.46,0.381,0.841,36,0.37,0.5,0.12962963,0.23015873,0.806818182,67.29568345,6.729568345,0.366255422,62.86
2010최준석,2010,5,최준석,두산,0.321,127,482,424,63,136,87,26,1,22,230,82,1,2,50,5,0,5,5,83,17,0.542,0.397,0.939,38,0.342,0.5,0.221698113,0.327830189,0.903225806,85.74821577,7.396810945,0.401605042,79.496
2010조인성,2010,6,조인성,LG,0.317,133,511,457,69,145,92,24,1,28,255,107,5,5,41,8,2,0,3,83,19,0.558,0.374,0.932,42,0.355,0,0.240700219,0.334792123,0.909365559,90.02348337,7.127959093,0.392935743,85.516
2010김현수,2010,7,김현수,두산,0.317,132,565,473,88,150,97,29,0,24,251,89,0,8,78,6,4,8,6,64,9,0.531,0.414,0.945,45,0.309,0,0.213530655,0.369978858,0.973529412,106.5873274,8.269706439,0.403715564,100.168
2010김강민,2010,8,김강민,SK,0.317,115,450,401,74,127,96,19,2,10,180,72,11,3,33,0,23,9,2,51,5,0.449,0.369,0.818,32,0.316,0,0.132169576,0.249376559,0.795138889,68.52071111,6.126023841,0.357084282,65.952
2010이종욱,2010,9,이종욱,두산,0.312,114,471,413,66,129,106,16,2,5,164,45,6,3,45,1,30,13,4,46,3,0.397,0.383,0.78,41,0.359,0,0.084745763,0.234866828,0.766666667,67.67541401,5.91338569,0.346086207,65.922
2010이용규,2010,10,이용규,KIA,0.307,129,555,472,74,145,122,19,1,3,175,51,7,3,64,2,25,12,9,50,10,0.371,0.398,0.769,38,0.353,0,0.063559322,0.226694915,0.747851003,74.7483964,5.62174569,0.345857143,73.2
2010박정권,2010,11,박정권,SK,0.306,124,505,431,76,132,91,19,4,18,213,76,2,4,63,8,17,5,5,89,7,0.494,0.398,0.892,36,0.333,0,0.187935035,0.361948956,0.942122186,89.5550099,7.627713777,0.382541414,84.468
2010손아섭,2010,12,손아섭,롯데,0.306,121,487,422,85,129,95,23,0,11,185,47,9,5,50,0,6,2,1,82,2,0.438,0.377,0.815,37,0.309,0.1,0.132701422,0.260663507,0.808080808,75.40895277,6.546757958,0.357324268,72.124
2010정근우,2010,13,정근우,SK,0.305,128,563,485,75,148,119,25,2,2,183,48,22,1,47,5,33,13,8,51,9,0.377,0.375,0.752,45,0.359,0,0.072164948,0.210309278,0.718662953,72.37428064,5.115459626,0.333434701,69.672
2010강민호,2010,14,강민호,롯데,0.305,117,465,410,66,125,82,19,1,23,215,72,0,5,42,1,2,7,8,65,16,0.524,0.376,0.9,33,0.366,0,0.219512195,0.309756098,0.844155844,75.63389247,6.524329383,0.386648707,73.63
2010박석민,2010,15,박석민,삼성,0.303,112,457,356,58,108,75,18,0,15,171,64,5,5,76,4,3,2,15,84,14,0.48,0.44,0.92,26,0.33,0,0.176966292,0.393258427,0.996212121,80.23969365,7.906831127,0.402629464,76.418
2010박한이,2010,16,박한이,삼성,0.301,128,470,379,64,114,80,21,2,11,172,63,10,5,73,2,5,4,3,54,10,0.454,0.413,0.867,30,0.313,0.4,0.153034301,0.34828496,0.892473118,75.50774468,6.934384716,0.380279476,72.588
2010강정호,2010,17,강정호,넥센,0.301,133,522,449,60,135,91,30,2,12,205,58,3,2,61,6,2,2,7,87,14,0.457,0.391,0.848,33,0.272,0.5,0.155902004,0.291759465,0.827272727,80.51747126,6.489467833,0.368606238,75.484
2010정원석,2010,18,정원석,한화,0.3,118,428,353,39,106,76,20,3,7,153,42,11,8,40,2,14,9,16,73,12,0.433,0.388,0.821,25,0.278,1,0.133144476,0.260623229,0.798507463,60.68271028,5.708826403,0.359804819,60.246
2010최정,2010,19,최정,SK,0.3,123,493,400,84,120,68,31,1,20,213,80,16,8,49,0,12,4,20,72,7,0.533,0.396,0.929,34,0.308,0,0.2325,0.375,0.996563574,90.14093306,7.726365691,0.398597484,85.734
2010박용택,2010,19,박용택,LG,0.3,107,420,370,62,111,81,21,0,9,159,45,6,1,38,3,19,4,5,64,6,0.43,0.372,0.802,34,0.294,0.308,0.12972973,0.272972973,0.80669145,62.71542857,6.135204969,0.351138686,59.638
2010김동주,2010,21,김동주,두산,0.295,110,470,387,60,114,72,22,0,20,196,67,1,5,67,4,0,1,10,45,15,0.506,0.407,0.913,31,0.219,0,0.211886305,0.382428941,0.941176471,81.20744681,7.432545979,0.394010753,77.55
2010유한준,2010,22,유한준,넥센,0.291,131,543,481,52,140,104,27,0,9,194,79,8,4,49,0,2,2,1,81,17,0.403,0.355,0.758,33,0.384,0.5,0.112266112,0.214137214,0.677777778,67.48044199,4.897774015,0.334538318,65.292
2010안치홍,2010,23,안치홍,KIA,0.291,133,537,461,79,134,102,21,3,8,185,50,16,4,49,1,18,5,7,96,12,0.401,0.365,0.766,35,0.244,0.5,0.110629067,0.245119306,0.738372093,70.57240223,5.2347661,0.338519231,68.832
2010송지만,2010,24,송지만,넥센,0.291,127,432,375,52,109,76,15,1,17,177,63,2,6,41,4,5,2,8,85,5,0.472,0.367,0.839,25,0.248,0.182,0.181333333,0.298666667,0.838827839,68.32050926,6.564604093,0.361410798,66.71
2010이병규,2010,25,이병규,LG,0.29,117,451,404,49,117,93,14,1,9,160,64,4,6,36,5,3,4,1,53,11,0.396,0.345,0.741,39,0.291,0.067,0.106435644,0.193069307,0.649006623,53.96035477,4.669646086,0.321420814,54.026
2010최희섭,2010,26,최희섭,KIA,0.286,126,532,444,78,127,83,22,1,21,214,84,0,3,81,7,4,3,4,109,17,0.482,0.398,0.88,32,0.279,0,0.195945946,0.380630631,0.890207715,85.86586466,6.818759841,0.38068381,82.068
2010장기영,2010,27,장기영,넥센,0.283,119,493,435,60,123,96,16,10,1,162,47,12,4,41,0,41,14,1,74,6,0.372,0.343,0.715,34,0.314,0,0.089655172,0.245977011,0.695783133,59.57647059,4.622312373,0.316043659,59.608
2010신명철,2010,28,신명철,삼성,0.28,125,476,397,56,111,79,22,1,9,162,57,13,6,56,2,20,9,4,82,14,0.408,0.369,0.777,28,0.264,0.167,0.128463476,0.297229219,0.754045307,61.36403361,5.051307645,0.342314534,61.444
2010최형우,2010,29,최형우,삼성,0.279,121,506,420,71,117,63,29,1,24,220,97,2,5,71,5,4,0,8,91,13,0.524,0.389,0.913,26,0.309,0.5,0.245238095,0.423809524,0.958860759,88.59225296,7.405544365,0.389803607,84.232
2010김주찬,2010,30,김주찬,롯데,0.276,118,535,485,89,134,103,18,4,9,187,40,11,3,31,1,65,19,5,65,5,0.386,0.324,0.71,40,0.294,0,0.109278351,0.268041237,0.717333333,64.72575701,4.492533263,0.31149522,66.94
2010오재원,2010,31,오재원,두산,0.276,123,421,384,59,106,86,17,3,0,129,37,2,2,29,1,35,10,4,76,5,0.336,0.332,0.668,24,0.246,0,0.059895833,0.200520833,0.638225256,46.41900238,4.219909307,0.297626794,45.932
2010손시헌,2010,32,손시헌,두산,0.273,128,499,433,51,118,90,19,1,8,163,62,10,3,46,2,0,2,7,64,12,0.376,0.35,0.726,30,0.339,0.333,0.103926097,0.205542725,0.650455927,57.58344689,4.546061597,0.322295688,56.648
2010이영욱,2010,33,이영욱,삼성,0.272,120,479,408,68,111,86,19,2,4,146,42,9,4,51,2,30,8,7,86,4,0.358,0.36,0.718,32,0.26,1,0.085784314,0.264705882,0.731391586,59.95498956,5.027281733,0.321021368,59.842
2010양의지,2010,34,양의지,두산,0.267,127,430,374,48,100,65,14,1,20,176,68,5,3,40,1,4,1,8,68,12,0.471,0.348,0.819,27,0.292,0,0.203208556,0.318181818,0.790940767,61.05139535,5.587754829,0.355037736,60.716
2010김태완,2010,35,김태완,한화,0.265,116,473,370,62,98,70,13,0,15,156,62,0,2,86,3,7,6,13,99,9,0.422,0.418,0.84,21,0.313,0,0.156756757,0.391891892,0.891986063,71.73350318,6.701745972,0.375705128,70.828
2010정성훈,2010,36,정성훈,LG,0.263,111,418,365,52,96,71,20,1,4,130,38,6,2,41,1,3,1,4,58,14,0.356,0.342,0.698,24,0.255,0.143,0.093150685,0.210958904,0.623239437,44.35923445,4.101710035,0.312060827,43.256
2010이성열,2010,37,이성열,두산,0.263,129,484,419,77,110,58,27,1,24,211,86,9,3,40,0,6,3,13,136,6,0.504,0.343,0.847,29,0.273,0,0.241050119,0.343675418,0.839622642,74.49909091,6.095380165,0.364677895,72.532
2010박경완,2010,38,박경완,SK,0.262,129,472,381,51,100,66,20,0,14,162,67,15,3,46,2,1,1,27,88,11,0.425,0.379,0.804,23,0.279,0,0.162729659,0.283464567,0.802047782,64.92529661,5.636601313,0.35647033,63.706
2010이대형,2010,39,이대형,LG,0.261,130,568,494,73,129,112,14,2,1,150,43,13,1,58,0,66,21,2,76,3,0.304,0.341,0.645,34,0.308,0.25,0.042510121,0.251012146,0.655526992,60.19014085,4.032590081,0.294363964,61.482
2010최진행,2010,40,최진행,한화,0.261,129,524,464,66,121,67,22,0,32,239,92,2,2,47,1,5,4,9,131,15,0.515,0.339,0.854,31,0.301,0,0.254310345,0.357758621,0.817679558,77.7878626,5.73844888,0.366644914,77.342
2010김민우,2010,41,김민우,넥센,0.257,128,536,447,64,115,83,20,3,9,168,44,16,3,61,0,28,6,9,85,11,0.376,0.356,0.732,27,0.236,1,0.118568233,0.304250559,0.744985673,66.02149254,4.843968202,0.327811538,66.02
2010가르시아,2010,42,가르시아,롯데,0.252,118,485,429,73,108,65,16,1,26,204,83,0,5,49,1,3,0,2,123,4,0.476,0.328,0.804,31,0.248,0,0.223776224,0.344988345,0.793846154,70.68,5.782909091,0.345630165,70.786
2010오지환,2010,43,오지환,LG,0.241,125,417,352,59,85,53,13,6,13,149,61,7,7,44,0,13,2,7,137,1,0.423,0.332,0.755,17,0.267,0.429,0.181818182,0.338068182,0.781481481,56.22997602,5.345807579,0.329178049,57.234
2010김원섭,2010,44,김원섭,KIA,0.238,111,428,353,43,84,60,16,3,5,121,28,16,1,56,0,15,6,2,63,5,0.343,0.345,0.688,22,0.194,0.222,0.104815864,0.288951841,0.671428571,46.74373832,4.249430756,0.311555825,46.786
2010이대수,2010,45,이대수,한화,0.232,125,416,375,33,87,66,13,1,7,123,37,6,3,26,0,2,4,6,57,4,0.328,0.29,0.618,22,0.28,0,0.096,0.16,0.516891892,36.56596154,3.236986759,0.275565854,36.934
2011이대호,2011,1,이대호,롯데,0.357,133,570,493,76,176,122,26,1,27,285,113,0,6,63,8,2,0,8,60,22,0.578,0.433,1.011,58,0.385,0,0.221095335,0.352941176,1.056047198,120.6078947,9.438878719,0.429661922,108.49
2011최형우,2011,2,최형우,삼성,0.34,133,571,480,80,163,93,37,3,30,296,118,0,10,76,15,4,3,5,88,8,0.617,0.427,1.044,48,0.35,0,0.277083333,0.4375,1.152439024,130.7574781,10.44512399,0.433455036,116.916
2011이병규,2011,3,이병규,LG,0.338,127,519,485,64,164,124,24,0,16,236,75,2,2,28,1,2,1,2,47,10,0.487,0.375,0.862,50,0.341,0.375,0.148453608,0.208247423,0.804216867,86.97260116,6.988869736,0.373668605,80.324
2011이용규,2011,4,이용규,KIA,0.333,111,503,421,84,140,119,16,2,3,169,33,7,3,63,2,30,6,9,33,5,0.401,0.427,0.828,39,0.247,0,0.06888361,0.275534442,0.907534247,83.11729622,7.43101655,0.371087045,79.186
2011손아섭,2011,5,손아섭,롯데,0.326,116,492,442,79,144,99,25,5,15,224,83,1,4,43,1,13,4,2,80,6,0.507,0.385,0.892,40,0.327,0,0.180995475,0.298642534,0.902597403,89.06341463,7.682786566,0.384167347,82.41
2011안치홍,2011,6,안치홍,KIA,0.315,115,433,378,54,119,89,21,4,5,163,46,17,2,33,1,9,4,3,55,13,0.431,0.373,0.804,32,0.348,0.5,0.116402116,0.216931217,0.739130435,59.48979215,5.444828434,0.351838554,56.33
2011최정,2011,7,최정,SK,0.31,113,488,403,64,125,79,25,1,20,212,75,13,6,46,1,15,5,20,72,8,0.526,0.402,0.928,39,0.372,0,0.215880893,0.35483871,0.989690722,89.94106557,7.833576679,0.399892405,84.974
2011홍성흔,2011,8,홍성흔,롯데,0.306,132,535,474,70,145,113,24,2,6,191,67,0,5,53,0,2,5,3,80,22,0.403,0.376,0.779,34,0.303,0.167,0.097046414,0.202531646,0.685393258,68.0388785,5.088780387,0.344641121,65.76
2011이종욱,2011,9,이종욱,두산,0.303,121,499,436,64,132,111,11,5,5,168,44,5,4,49,0,20,15,5,51,6,0.385,0.377,0.762,39,0.26,0.5,0.082568807,0.206422018,0.698461538,65.17995992,5.269038676,0.339423077,64.672
2011박용택,2011,10,박용택,LG,0.302,115,450,414,57,125,88,21,1,15,193,64,1,4,26,4,13,3,5,71,8,0.466,0.347,0.813,34,0.302,0.25,0.164251208,0.251207729,0.78,67.46688889,5.972478689,0.349357303,65.302
2011김현수,2011,11,김현수,두산,0.301,130,561,475,71,143,103,25,2,13,211,91,0,9,71,9,5,3,6,63,15,0.444,0.392,0.836,35,0.333,1,0.143157895,0.296842105,0.828571429,84.96242424,6.389931628,0.361577899,83.006
2011전준우,2011,12,전준우,롯데,0.301,133,601,539,97,162,108,38,5,11,243,64,2,3,50,4,23,9,7,101,14,0.451,0.366,0.817,47,0.27,0,0.150278293,0.269016698,0.785,88.49024958,5.899349972,0.354085714,83.952
2011이대수,2011,13,이대수,한화,0.301,122,420,366,46,110,83,16,3,8,156,50,14,4,31,0,8,8,5,64,5,0.426,0.36,0.786,26,0.306,0.2,0.12568306,0.210382514,0.713754647,56.64533333,5.329003484,0.344231527,55.418
2011양의지,2011,14,양의지,두산,0.301,119,438,376,43,113,92,14,3,4,145,46,11,4,44,2,3,3,3,58,12,0.386,0.375,0.761,30,0.315,0,0.085106383,0.20212766,0.690647482,54.97420091,5.065881995,0.336764706,53.686
2011정성훈,2011,15,정성훈,LG,0.291,127,494,422,61,123,94,18,1,10,173,57,11,7,49,1,9,2,5,69,16,0.41,0.366,0.776,33,0.271,0.333,0.118483412,0.251184834,0.738170347,64.63639676,5.209500634,0.341645228,64.298
2011김선빈,2011,16,김선빈,KIA,0.29,98,412,335,58,97,79,12,2,4,125,47,20,5,50,0,22,9,2,42,8,0.373,0.38,0.753,27,0.296,0,0.08358209,0.271641791,0.745098039,52.21048544,5.034582524,0.337581633,52.674
2011황재균,2011,17,황재균,롯데,0.289,117,458,398,62,115,81,18,4,12,177,68,3,8,40,1,12,6,9,78,9,0.445,0.36,0.805,33,0.259,0,0.155778894,0.271356784,0.77852349,65.5339738,5.726269555,0.34965859,65.366
2011강민호,2011,18,강민호,롯데,0.289,124,506,450,63,130,84,25,2,19,216,66,0,1,47,2,4,6,8,81,18,0.48,0.366,0.846,39,0.257,0,0.191111111,0.291111111,0.781976744,73.93909091,5.786537549,0.366746032,71.022
2011유한준,2011,19,유한준,넥센,0.289,121,511,447,64,129,101,23,2,3,165,54,4,4,52,3,4,3,4,63,11,0.369,0.365,0.734,31,0.31,0,0.080536913,0.199105145,0.668674699,61.91471624,4.916756878,0.325996032,60.436
2011강동우,2011,20,강동우,한화,0.288,133,599,518,83,149,120,13,3,13,207,51,12,4,62,1,17,15,2,71,9,0.4,0.363,0.763,41,0.312,0,0.111969112,0.235521236,0.694656489,76.02351171,5.018667032,0.337690598,75.982
2011김동주,2011,21,김동주,두산,0.286,120,483,406,57,116,74,24,1,17,193,75,0,3,66,5,6,1,8,54,18,0.475,0.393,0.868,32,0.344,0.4,0.189655172,0.36453202,0.8802589,76.33751553,6.606131151,0.376757322,73.188
2011정수빈,2011,22,정수빈,두산,0.285,128,476,414,66,118,92,17,8,1,154,38,8,3,40,0,31,8,11,77,5,0.372,0.361,0.733,31,0.303,0.2,0.086956522,0.239130435,0.737864078,61.97394958,5.229051996,0.327096154,60.684
2011강정호,2011,23,강정호,넥센,0.282,123,504,444,53,125,92,22,2,9,178,63,3,5,43,4,4,6,9,62,12,0.401,0.353,0.754,36,0.314,0,0.119369369,0.211711712,0.676557864,62.06047619,4.856906832,0.330255533,61.324
2011김상수,2011,24,김상수,삼성,0.278,128,476,406,53,113,91,16,4,2,143,47,15,1,47,1,29,7,7,61,7,0.352,0.362,0.714,29,0.292,0,0.073891626,0.243842365,0.713355049,57.915,4.84119195,0.321486957,56.832
2011박석민,2011,25,박석민,삼성,0.278,128,537,457,74,127,85,24,3,15,202,86,5,3,59,1,3,1,13,105,13,0.442,0.374,0.816,32,0.324,0,0.164113786,0.297592998,0.802325581,77.92048417,5.97685532,0.358608286,75.07
2011오재원,2011,26,오재원,두산,0.277,129,529,466,73,129,101,18,4,6,173,46,12,3,39,0,46,7,9,62,6,0.371,0.342,0.713,32,0.264,0,0.094420601,0.261802575,0.742857143,67.33610586,4.981027009,0.317363636,67.164
2011최진행,2011,27,최진행,한화,0.276,127,511,434,63,120,89,11,1,19,190,85,0,3,61,7,3,5,13,107,9,0.438,0.38,0.818,30,0.386,0.75,0.161290323,0.297235023,0.798780488,74.162818,6.049535003,0.356940476,72.954
2011최준석,2011,28,최준석,두산,0.271,124,485,421,49,114,73,26,0,15,185,75,2,5,56,1,0,1,1,104,11,0.439,0.354,0.793,25,0.263,0.286,0.168646081,0.299287411,0.755485893,66.61608247,5.517282904,0.346080913,65.188
2011한상훈,2011,29,한상훈,한화,0.269,131,485,398,49,107,89,12,3,3,134,39,33,2,46,1,16,10,6,66,6,0.337,0.352,0.689,26,0.29,0,0.067839196,0.198492462,0.625407166,51.2382268,4.045123169,0.310731707,50.972
2011조인성,2011,30,조인성,LG,0.267,117,441,390,46,104,73,14,2,15,167,59,2,1,44,3,2,1,3,70,10,0.428,0.345,0.773,26,0.267,0.333,0.161538462,0.276923077,0.723905724,57.60363636,5.184327273,0.337202299,56.46
2011박한이,2011,31,박한이,삼성,0.256,121,506,429,77,110,85,19,2,4,145,30,10,2,60,3,8,2,5,88,7,0.338,0.353,0.691,23,0.215,0.667,0.081585082,0.235431235,0.658536585,56.26940711,4.468452918,0.311233266,55.786
2011이호준,2011,32,이호준,SK,0.253,114,417,368,41,93,67,12,0,14,147,62,3,1,44,2,2,2,1,78,10,0.399,0.333,0.732,24,0.288,0.333,0.14673913,0.266304348,0.668989547,48.7381295,4.522094489,0.322495146,48.556
2011박정권,2011,33,박정권,SK,0.252,122,507,453,54,114,78,21,2,13,178,53,6,3,42,5,9,3,3,103,9,0.393,0.317,0.71,27,0.225,1,0.141280353,0.247240618,0.652421652,57.33869822,4.300402367,0.308512097,57.116
2011김민우,2011,34,김민우,넥센,0.247,126,535,466,66,115,87,22,0,6,155,31,17,2,48,1,23,9,2,100,7,0.333,0.319,0.652,27,0.227,0.25,0.08583691,0.21888412,0.596730245,52.79891589,3.693188417,0.291742747,52.59
2011장성호,2011,35,장성호,한화,0.244,116,478,390,53,95,74,13,0,8,132,37,3,0,81,2,0,6,4,66,9,0.338,0.379,0.717,20,0.232,0,0.094871795,0.287179487,0.680645161,53.55251046,4.619545631,0.329171247,54.392
2011조성환,2011,36,조성환,롯데,0.243,117,459,407,45,99,74,19,0,6,136,36,10,2,37,1,9,6,3,87,11,0.334,0.31,0.644,26,0.238,1,0.090909091,0.189189189,0.550769231,41.74579521,3.344618607,0.287252232,41.184
2011알드리지,2011,37,알드리지,넥센,0.237,117,480,414,55,98,57,20,1,20,180,73,0,5,59,2,6,2,2,139,5,0.435,0.331,0.766,23,0.301,0,0.198067633,0.350241546,0.758513932,63.669,5.241045732,0.332870293,64.188
2012김태균,2012,1,김태균,한화,0.363,126,513,416,61,151,111,24,0,16,223,80,0,5,81,8,3,1,11,69,11,0.536,0.474,1.01,43,0.379,0,0.173076923,0.372596154,1.144404332,112.122807,10.73516237,0.434861386,99.978
2012강정호,2012,2,강정호,넥센,0.314,124,519,436,77,137,80,32,0,25,244,82,1,5,71,8,21,5,6,78,16,0.56,0.413,0.973,38,0.311,0,0.245412844,0.444954128,1.053125,102.6284008,8.499898223,0.412272549,95.116
2012손아섭,2012,3,손아섭,롯데,0.314,132,556,503,61,158,127,26,0,5,199,58,2,4,41,4,10,5,6,79,7,0.396,0.37,0.766,43,0.333,0.5,0.081510934,0.172962227,0.703081232,75.84622302,5.641454605,0.336616364,72.528
2012박석민,2012,4,박석민,삼성,0.312,127,549,443,79,138,93,19,3,23,232,91,2,5,72,5,2,3,27,83,8,0.524,0.433,0.957,37,0.29,0,0.212189616,0.372460497,1.044303797,107.4920219,8.985401208,0.413282288,99.886
2012정성훈,2012,5,정성훈,LG,0.31,107,438,365,50,113,71,27,3,12,182,53,2,5,65,2,3,3,1,62,13,0.499,0.411,0.91,30,0.279,0.4,0.189041096,0.367123288,0.925373134,75.85826484,7.447902366,0.392702765,71.124
2012이승엽,2012,6,이승엽,삼성,0.307,126,556,488,84,150,99,28,2,21,245,85,1,4,59,4,6,0,4,101,10,0.502,0.384,0.886,42,0.327,0,0.194672131,0.327868852,0.902298851,97.14061151,7.430018444,0.381141561,90.712
2012이진영,2012,7,이진영,LG,0.307,105,412,365,39,112,90,18,0,4,142,55,0,2,44,2,4,2,1,41,8,0.389,0.381,0.77,31,0.336,0.286,0.082191781,0.208219178,0.718631179,55.76723301,5.681944495,0.341858537,53.602
2012박용택,2012,8,박용택,LG,0.305,127,556,499,82,152,104,34,3,11,225,76,1,7,42,1,30,8,7,66,9,0.451,0.362,0.813,45,0.416,1,0.146292585,0.274549098,0.813186813,85.12978417,6.178774658,0.352844765,82.392
2012박한이,2012,9,박한이,삼성,0.304,111,463,388,61,118,94,19,4,1,148,51,13,3,58,3,4,6,1,72,8,0.381,0.393,0.774,35,0.291,0.6,0.077319588,0.221649485,0.721830986,60.89088553,5.480179698,0.344823266,58.664
2012김원섭,2012,10,김원섭,KIA,0.303,120,472,386,60,117,89,21,4,3,155,61,12,3,69,1,8,4,2,54,12,0.402,0.409,0.811,33,0.295,0.4,0.098445596,0.287564767,0.807017544,67.47355932,6.072620339,0.361766885,64.818
2012이호준,2012,11,이호준,SK,0.3,127,504,426,55,128,84,26,0,18,208,78,0,1,72,5,3,3,5,90,10,0.488,0.407,0.895,35,0.306,0,0.187793427,0.356807512,0.916398714,87.16190476,7.542857143,0.38855511,81.08
2012이병규,2012,12,이병규,LG,0.3,118,455,420,52,126,95,25,1,5,168,41,5,6,22,1,5,7,2,58,18,0.4,0.333,0.733,34,0.23,0.231,0.1,0.147619048,0.595611285,50.08241758,4.097652348,0.319026726,49.306
2012최정,2012,13,최정,SK,0.3,130,553,474,85,142,82,33,1,26,255,84,3,6,49,7,20,8,21,98,8,0.538,0.385,0.923,36,0.29,0,0.238396624,0.367088608,0.968390805,101.5301266,7.678749069,0.392732965,96.166
2012김주찬,2012,14,김주찬,롯데,0.294,118,488,435,62,128,93,27,3,5,176,39,11,5,30,1,32,13,7,48,7,0.405,0.346,0.751,39,0.278,0.333,0.110344828,0.222988506,0.709480122,62.49262295,4.919244372,0.328388655,62.036
2012홍성흔,2012,15,홍성흔,롯데,0.292,113,443,390,48,114,79,20,0,15,179,74,1,3,47,3,4,5,2,83,10,0.459,0.369,0.828,29,0.297,0.5,0.166666667,0.284615385,0.780068729,65.18681716,5.966251062,0.359211845,62.956
2012김현수,2012,16,김현수,두산,0.291,122,491,437,47,127,102,17,1,7,167,65,0,5,46,2,6,3,3,50,9,0.382,0.358,0.74,34,0.384,0,0.091533181,0.203661327,0.680124224,61.77221996,5.100458529,0.327415133,61.18
2012박병호,2012,17,박병호,넥센,0.29,133,560,469,76,136,71,34,0,31,263,105,0,7,73,3,20,9,11,111,6,0.561,0.393,0.954,40,0.316,0,0.270788913,0.44989339,1.028735632,109.1258929,8.299715795,0.405048474,103.142
2012안치홍,2012,18,안치홍,KIA,0.288,132,558,489,60,141,105,31,2,3,185,64,14,7,42,4,20,3,6,74,12,0.378,0.347,0.725,41,0.364,0,0.08997955,0.210633947,0.688705234,67.90365591,4.774475806,0.318031481,66.618
2012이용규,2012,19,이용규,KIA,0.283,125,580,491,86,139,121,14,2,2,163,37,10,3,66,0,44,12,10,38,9,0.332,0.377,0.709,38,0.292,0,0.048879837,0.248472505,0.726541555,71.04413793,4.969408612,0.324017544,71.656
2012김선빈,2012,20,김선빈,KIA,0.281,126,532,441,63,124,98,19,2,5,162,55,25,6,58,0,30,12,2,48,9,0.367,0.363,0.73,30,0.331,0.667,0.0861678,0.258503401,0.710059172,64.1337594,4.692714102,0.326455621,64.896
2012이대수,2012,21,이대수,한화,0.279,118,425,376,36,105,74,23,4,4,148,48,14,5,27,0,5,1,3,57,9,0.394,0.328,0.722,22,0.274,0.4,0.114361702,0.196808511,0.647686833,49.49411765,4.454470588,0.315703163,48.494
2012양의지,2012,22,양의지,두산,0.279,122,416,359,39,100,72,22,1,5,139,27,9,1,37,2,1,2,10,51,17,0.387,0.361,0.748,24,0.212,0.125,0.108635097,0.208913649,0.665467626,48.12923077,4.512115385,0.332320988,46.142
2012김상수,2012,23,김상수,삼성,0.274,129,489,419,64,115,91,18,4,2,147,36,16,6,41,1,25,11,7,56,8,0.351,0.345,0.696,27,0.224,0,0.076372315,0.207637232,0.647058824,54.08392638,4.232655108,0.309855932,54.802
2012나지완,2012,24,나지완,KIA,0.274,124,480,398,40,109,80,17,1,11,161,56,8,5,56,4,7,3,13,93,9,0.405,0.377,0.782,29,0.264,0.125,0.130653266,0.281407035,0.777408638,65.12041667,5.599526274,0.345380342,64.606
2012강민호,2012,25,강민호,롯데,0.273,119,454,400,41,109,69,21,0,19,187,66,0,2,44,2,0,1,8,97,9,0.468,0.355,0.823,27,0.265,0.25,0.195,0.3025,0.790697674,66.86572687,5.958332098,0.35684292,64.604
2012황재균,2012,26,황재균,롯데,0.272,133,504,448,42,122,98,19,1,4,155,51,11,2,38,3,26,8,5,81,10,0.346,0.335,0.681,29,0.28,0.5,0.073660714,0.198660714,0.627906977,54.15666667,4.095882353,0.302316327,53.442
2012김강민,2012,27,김강민,SK,0.272,123,474,427,49,116,91,20,0,5,151,31,11,3,29,0,11,10,4,72,7,0.354,0.322,0.676,32,0.243,0.4,0.081967213,0.152224824,0.56402439,48.06025316,3.794230513,0.299786177,47.494
2012최형우,2012,28,최형우,삼성,0.271,125,531,461,51,125,83,27,1,14,196,77,0,10,55,3,2,1,5,76,20,0.425,0.348,0.773,33,0.265,0,0.154013015,0.275488069,0.719887955,67.0392467,4.932042673,0.335715909,67.762
2012서건창,2012,29,서건창,넥센,0.266,127,501,433,70,115,83,21,10,1,159,40,13,3,45,0,39,12,7,43,4,0.367,0.342,0.709,30,0.277,0,0.101616628,0.267898383,0.71257485,60.61700599,4.676169033,0.315381148,60.506
2012정근우,2012,30,정근우,SK,0.266,127,534,467,53,124,99,13,4,8,169,46,12,2,47,3,22,12,6,33,10,0.362,0.339,0.701,31,0.295,0.4,0.096359743,0.218415418,0.635616438,58.26142322,4.150549939,0.311038536,58.796
2012장성호,2012,31,장성호,한화,0.263,130,501,429,57,113,76,28,0,9,168,52,1,2,67,1,2,3,2,63,11,0.392,0.364,0.756,29,0.24,0.273,0.128205128,0.282051282,0.715151515,63.13580838,5.119119599,0.336577154,61.656
2012오선진,2012,32,오선진,한화,0.263,110,446,399,33,105,81,18,3,3,138,41,13,2,25,0,14,9,7,65,7,0.346,0.316,0.662,31,0.3,0,0.082706767,0.157894737,0.564516129,43.78789238,3.637763367,0.294484988,43.11
2012박종윤,2012,33,박종윤,롯데,0.257,121,459,416,41,107,75,19,4,9,161,47,15,1,22,5,5,2,5,64,10,0.387,0.302,0.689,26,0.252,0.167,0.129807692,0.189903846,0.595015576,47.21586057,3.782873102,0.297116173,46.238
2012박정권,2012,34,박정권,SK,0.255,122,472,416,61,106,75,18,1,12,162,59,6,3,43,2,4,6,4,80,7,0.389,0.328,0.717,28,0.252,0.5,0.134615385,0.233173077,0.640866873,53.52627119,4.353040127,0.315590517,53.6
2012전준우,2012,35,전준우,롯데,0.253,122,520,459,63,116,83,22,4,7,167,38,6,3,45,0,21,8,7,103,16,0.364,0.327,0.691,26,0.24,0,0.111111111,0.237472767,0.632152589,54.31015385,3.89993126,0.307301556,54.216
2012오지환,2012,36,오지환,LG,0.249,133,540,462,66,115,79,22,2,12,177,53,9,8,55,4,23,14,6,122,6,0.383,0.331,0.714,29,0.195,0,0.134199134,0.272727273,0.673024523,61.42355556,4.31884375,0.312988615,63.634
2012최진행,2012,37,최진행,한화,0.248,120,471,395,59,98,55,26,0,17,175,55,0,4,66,3,6,3,6,109,11,0.443,0.361,0.804,25,0.24,0,0.194936709,0.369620253,0.803858521,65.62598726,5.625084622,0.350754274,64.838
2012장기영,2012,38,장기영,넥센,0.246,116,475,414,64,102,80,9,5,8,145,35,14,4,40,0,32,10,3,67,1,0.35,0.315,0.665,22,0.231,1,0.103864734,0.253623188,0.650154799,51.39393684,4.069314647,0.295592191,53.434
2012배영섭,2012,39,배영섭,삼성,0.245,122,479,412,64,101,82,15,2,2,126,34,7,3,48,0,27,6,9,69,4,0.306,0.335,0.641,28,0.26,0.143,0.060679612,0.22815534,0.635514019,49.4548643,4.034082586,0.29303178,50.448
2012이종욱,2012,40,이종욱,두산,0.24,121,497,437,57,105,87,17,1,0,124,39,9,5,43,2,21,8,3,43,2,0.284,0.309,0.593,23,0.263,0,0.043478261,0.171624714,0.535087719,43.58800805,3.305832071,0.268244856,44.706
2013이병규,2013,1,이병규,LG,0.348,98,401,374,39,130,103,19,3,5,170,74,0,3,22,2,2,2,2,40,10,0.455,0.384,0.839,35,0.426,0,0.106951872,0.165775401,0.7578125,63.14573566,6.582760088,0.364080201,58.33
2013손아섭,2013,2,손아섭,롯데,0.345,128,568,498,83,172,134,23,4,11,236,69,0,3,64,6,36,7,3,88,9,0.474,0.421,0.895,49,0.313,1,0.128514056,0.315261044,0.970760234,106.8436972,8.361680649,0.389005338,97.776
2013이진영,2013,3,이진영,LG,0.329,106,411,368,41,121,91,26,1,3,158,62,1,3,37,4,6,2,2,42,6,0.429,0.39,0.819,32,0.345,0.667,0.100543478,0.211956522,0.788235294,63.7216545,6.64279796,0.357487685,59.284
2013박용택,2013,4,박용택,LG,0.328,125,539,476,79,156,123,22,4,7,207,67,0,7,52,1,13,8,4,71,5,0.435,0.393,0.828,47,0.322,0,0.107142857,0.226890756,0.804804805,85.54415584,6.793212376,0.362998141,81.682
2013김태균,2013,5,김태균,한화,0.319,101,430,345,41,110,76,24,0,10,164,52,0,4,73,7,0,3,8,67,14,0.475,0.444,0.919,29,0.281,0,0.156521739,0.35942029,0.96031746,74.98995349,7.909096657,0.400269504,70.244
2013민병헌,2013,6,민병헌,두산,0.319,119,449,383,71,122,85,21,7,9,184,65,12,7,40,0,27,8,7,62,7,0.48,0.387,0.867,31,0.369,0.6,0.161879896,0.315926893,0.905797101,75.50458797,6.910589408,0.375066362,72.634
2013박석민,2013,7,박석민,삼성,0.318,117,474,396,61,126,84,24,0,18,204,76,0,2,54,1,4,2,21,73,13,0.515,0.425,0.94,37,0.385,0,0.196969697,0.338383838,0.985964912,89.01260042,8.374007705,0.409434322,81.736
2013박병호,2013,8,박병호,넥센,0.318,128,556,450,91,143,89,17,0,37,271,117,0,6,92,4,10,2,8,96,7,0.602,0.437,1.039,40,0.288,0,0.284444444,0.506666667,1.199367089,128.0602878,10.73797444,0.439809783,116.052
2013최정,2013,9,최정,SK,0.316,120,525,434,75,137,91,18,0,28,239,83,1,2,64,9,24,8,24,109,10,0.551,0.429,0.98,32,0.302,1,0.235023041,0.419354839,1.088888889,107.8686857,9.158661995,0.419469903,99.128
2013정성훈,2013,10,정성훈,LG,0.312,121,477,407,64,127,95,22,1,9,178,62,0,4,59,0,13,6,7,58,12,0.437,0.405,0.842,33,0.299,0.167,0.125307125,0.287469287,0.842281879,74.8427673,6.691240785,0.372268344,71.576
2013신종길,2013,11,신종길,KIA,0.31,104,427,377,55,117,86,22,5,4,161,50,11,4,30,0,29,6,5,86,3,0.427,0.365,0.792,34,0.29,0.5,0.116710875,0.25729443,0.814126394,64.62796253,6.144207705,0.346670673,61.722
2013이종욱,2013,12,이종욱,두산,0.307,110,456,401,77,123,88,23,6,6,176,52,12,2,38,1,30,7,3,57,6,0.439,0.369,0.808,36,0.286,0.333,0.132169576,0.284289277,0.824742268,69.30105263,6.134847282,0.352916479,65.974
2013최형우,2013,13,최형우,삼성,0.305,128,573,511,80,156,99,28,0,29,271,98,0,8,47,1,2,1,7,91,5,0.53,0.366,0.896,40,0.329,0,0.225048924,0.318982387,0.903047091,103.2389529,7.554069723,0.383276224,98.162
2013김현수,2013,14,김현수,두산,0.302,122,510,434,63,131,91,23,1,16,204,90,0,12,62,10,2,4,2,71,6,0.47,0.382,0.852,39,0.343,0,0.168202765,0.306451613,0.849840256,81.73372549,6.790186425,0.362504,80.462
2013김강민,2013,15,김강민,SK,0.301,105,397,352,39,106,71,22,3,10,164,55,2,3,36,2,10,6,4,54,10,0.466,0.37,0.836,28,0.36,0.25,0.164772727,0.278409091,0.79389313,59.49219144,6.016064302,0.361727735,57.078
2013최진행,2013,16,최진행,한화,0.3,106,422,367,39,110,75,27,0,8,161,53,1,1,50,1,0,0,3,86,18,0.439,0.387,0.826,23,0.297,0.2,0.138964578,0.27520436,0.778181818,60.32274882,5.879834722,0.363638095,56.322
2013홍성흔,2013,17,홍성흔,두산,0.299,127,538,469,61,140,104,21,0,15,206,72,3,3,57,0,5,3,6,93,15,0.439,0.379,0.818,38,0.297,0.333,0.140724947,0.26652452,0.780979827,78.43587361,5.99934444,0.360601869,75.406
2013김상수,2013,18,김상수,삼성,0.298,115,422,372,57,111,84,17,3,7,155,44,9,6,30,1,14,5,5,44,7,0.417,0.354,0.771,33,0.286,0,0.11827957,0.22311828,0.728937729,56.81345972,5.326261848,0.336065534,56.318
2013배영섭,2013,19,배영섭,삼성,0.295,113,476,393,66,116,94,16,4,2,146,38,8,3,52,1,23,10,20,62,9,0.372,0.402,0.774,34,0.318,0.167,0.076335878,0.24173028,0.780405405,64.66735294,5.687356773,0.349843683,63.564
2013이용규,2013,20,이용규,KIA,0.295,100,453,390,74,115,92,20,1,2,143,22,10,2,44,0,21,9,7,37,4,0.367,0.375,0.742,32,0.287,0,0.071794872,0.215384615,0.715277778,58.57231788,5.271508609,0.333261851,57.174
2013박정권,2013,21,박정권,SK,0.292,110,434,363,56,106,67,20,1,18,182,70,0,6,64,5,4,4,1,79,5,0.501,0.394,0.895,25,0.262,0.5,0.209366391,0.385674931,0.928571429,75.69953917,7.514292491,0.383440559,72.558
2013강정호,2013,22,강정호,넥센,0.291,126,532,450,67,131,87,21,1,22,220,96,2,6,68,3,15,8,6,109,18,0.489,0.387,0.876,35,0.328,0,0.197777778,0.364444444,0.872463768,84.25785714,6.444651963,0.37840797,82.428
2013나지완,2013,23,나지완,KIA,0.287,125,522,435,57,125,86,18,0,21,206,96,1,5,62,1,7,3,18,111,12,0.474,0.394,0.868,35,0.31,0,0.186206897,0.337931034,0.892307692,85.0806142,6.940110524,0.37960501,82.272
2013이택근,2013,24,이택근,넥센,0.287,123,536,477,73,137,96,31,1,9,197,66,6,7,39,1,29,8,7,58,15,0.413,0.345,0.758,38,0.295,0,0.125786164,0.251572327,0.727272727,68.81791045,4.941711654,0.331300567,68.746
2013정현석,2013,25,정현석,한화,0.287,121,403,356,47,102,82,15,1,4,131,27,3,0,37,1,4,5,7,64,14,0.368,0.365,0.733,22,0.227,0.182,0.081460674,0.18258427,0.637362637,45.95320099,4.495421836,0.328566416,44.158
2013박한이,2013,26,박한이,삼성,0.284,112,466,394,56,112,91,12,3,6,148,55,18,2,51,0,4,4,1,74,5,0.376,0.366,0.742,31,0.333,1,0.091370558,0.220812183,0.687285223,57.87553648,5.02456426,0.331736607,56.658
2013김민성,2013,27,김민성,넥센,0.282,128,523,458,60,129,88,24,2,15,202,72,3,4,42,1,7,7,16,84,11,0.441,0.36,0.801,31,0.301,0,0.159388646,0.251091703,0.749279539,72.41472275,5.52315682,0.350479769,70.858
2013조영훈,2013,28,조영훈,NC,0.282,120,426,380,38,107,72,26,3,6,157,39,3,2,39,1,4,5,2,56,6,0.413,0.35,0.763,27,0.248,0.273,0.131578947,0.231578947,0.693661972,55.34028169,5.170199327,0.3345,53.072
2013정근우,2013,29,정근우,SK,0.28,112,476,407,64,114,83,19,3,9,166,35,11,1,50,6,28,11,7,48,6,0.408,0.368,0.776,30,0.321,0,0.127764128,0.292383292,0.774193548,64.72529412,5.427276215,0.339899782,63.456
2013이호준,2013,30,이호준,NC,0.278,126,508,442,46,123,77,25,1,20,210,87,0,5,60,3,2,3,1,109,8,0.475,0.362,0.837,35,0.358,0,0.196832579,0.330316742,0.818181818,77.89086614,6.277771301,0.36109901,75.518
2013김종호,2013,31,김종호,NC,0.277,128,546,465,72,129,110,12,7,0,155,22,6,1,57,1,50,14,17,100,11,0.333,0.376,0.709,30,0.308,0,0.055913978,0.255913978,0.734072022,66.38161172,4.87038999,0.32364564,66.01
2013모창민,2013,32,모창민,NC,0.276,108,436,395,57,109,70,24,3,12,175,51,2,1,37,0,16,3,1,68,11,0.443,0.339,0.782,36,0.351,0,0.167088608,0.293670886,0.753333333,59.41073394,5.294025797,0.340580645,57.616
2013전준우,2013,33,전준우,롯데,0.275,128,537,455,65,125,92,25,1,7,173,66,5,7,65,0,19,8,5,77,15,0.38,0.367,0.747,34,0.316,0,0.105494505,0.272527473,0.719546742,66.40417132,4.912089385,0.333227444,66.704
2013황재균,2013,34,황재균,롯데,0.274,128,559,489,70,134,95,29,3,7,190,56,7,4,49,3,22,11,10,78,14,0.389,0.35,0.739,32,0.246,0,0.114519427,0.237218814,0.684210526,66.63499106,4.601393244,0.325362477,65.816
2013정의윤,2013,35,정의윤,LG,0.272,116,405,367,42,100,75,15,5,5,140,47,1,3,26,2,5,4,8,45,10,0.381,0.332,0.713,27,0.281,0.071,0.108991826,0.182561308,0.622775801,45.33333333,4.294736842,0.312860697,44.76
2013손주인,2013,36,손주인,LG,0.265,125,423,351,42,93,70,17,3,3,125,41,20,6,40,0,9,6,6,63,8,0.356,0.345,0.701,23,0.284,0,0.091168091,0.213675214,0.639705882,45.85106383,4.154291018,0.313086849,46.356
2013정훈,2013,37,정훈,롯데,0.258,113,398,341,50,88,65,15,3,5,124,37,14,5,30,0,7,3,8,54,8,0.364,0.328,0.692,18,0.258,0.25,0.105571848,0.205278592,0.628787879,42.59045226,4.063400039,0.307005208,43.088
2013이대수,2013,38,이대수,한화,0.256,122,448,390,54,100,71,23,2,4,139,42,11,3,38,0,11,4,6,88,10,0.356,0.33,0.686,26,0.293,0.4,0.1,0.215384615,0.625,47.42678571,4.026802561,0.305910755,46.606
2013오지환,2013,39,오지환,LG,0.256,124,514,441,81,113,76,20,8,9,176,47,7,3,54,0,30,7,9,113,7,0.399,0.347,0.746,26,0.211,0.5,0.142857143,0.317460317,0.766081871,67.18902724,5.153703794,0.33018146,66.636
2013조동화,2013,40,조동화,SK,0.256,105,405,332,52,85,71,11,3,0,102,19,16,3,46,1,24,9,8,76,3,0.307,0.357,0.664,16,0.191,0.2,0.051204819,0.234939759,0.66023166,43.31797531,4.207141487,0.304744845,44.052
2013박종윤,2013,41,박종윤,롯데,0.255,115,416,381,37,97,64,24,2,7,146,58,3,6,21,3,4,2,5,56,9,0.383,0.298,0.681,27,0.252,0.625,0.128608924,0.188976378,0.589830508,42.73769231,3.795781883,0.293619512,43.092
2013이승엽,2013,42,이승엽,삼성,0.253,111,483,443,62,112,75,24,0,13,175,69,0,8,30,2,3,1,2,94,8,0.395,0.298,0.693,35,0.218,0,0.14221219,0.214446953,0.614705882,52.69192547,4.088166631,0.299405405,53.878
2013안치홍,2013,43,안치홍,KIA,0.249,118,484,414,56,103,85,15,0,3,127,39,7,5,52,0,16,1,6,74,13,0.307,0.338,0.645,26,0.245,1,0.057971014,0.219806763,0.615384615,47.57454545,3.811610467,0.294408805,48.638
2013이범호,2013,44,이범호,KIA,0.248,122,516,436,56,108,67,17,0,24,197,73,4,5,62,3,0,2,9,79,18,0.452,0.35,0.802,27,0.189,0,0.20412844,0.341743119,0.764367816,67.59348837,5.112112566,0.348243615,68.728
2013나성범,2013,45,나성범,NC,0.243,104,458,404,55,98,61,18,5,14,168,64,0,6,33,3,12,2,15,95,7,0.416,0.319,0.735,19,0.242,0,0.173267327,0.27970297,0.717460317,56.5528821,4.756784475,0.318432967,57.72
2013장기영,2013,46,장기영,넥센,0.242,115,407,360,54,87,67,16,2,2,113,30,9,3,35,0,20,11,0,63,4,0.314,0.307,0.621,21,0.325,0.25,0.072222222,0.194444444,0.545138889,36.47464373,3.282717936,0.278459799,36.876
2013강민호,2013,47,강민호,롯데,0.235,105,405,327,48,77,53,13,0,11,123,57,1,6,60,3,4,1,11,87,5,0.376,0.366,0.742,17,0.259,0,0.140672783,0.333333333,0.76953125,51.33037037,5.269657795,0.332069825,53.184
2013권희동,2013,48,권희동,NC,0.203,121,397,349,42,71,36,19,1,15,137,54,7,3,36,0,4,1,2,75,6,0.393,0.279,0.672,14,0.237,0.308,0.189111748,0.300859599,0.624561404,39.60785894,3.625126073,0.293564103,41.19
